INSERT INTO `communities` (`id`, `name`, `admin_user_id`) VALUES ('1', 'quod', '6');
INSERT INTO `communities` (`id`, `name`, `admin_user_id`) VALUES ('2', 'sit', '18');
INSERT INTO `communities` (`id`, `name`, `admin_user_id`) VALUES ('3', 'vitae', '16');
INSERT INTO `communities` (`id`, `name`, `admin_user_id`) VALUES ('4', 'adipisci', '18');
INSERT INTO `communities` (`id`, `name`, `admin_user_id`) VALUES ('5', 'est', '6');


#
# TABLE STRUCTURE FOR: friend_requests
#

/*DROP TABLE IF EXISTS `friend_requests`;

CREATE TABLE `friend_requests` (
  `initiator_user_id` bigint(20) unsigned NOT NULL,
  `target_user_id` bigint(20) unsigned NOT NULL,
  `status` enum('requested','approved','declined','unfriended') COLLATE utf8mb4_unicode_ci DEFAULT NULL,
  `requested_at` datetime DEFAULT current_timestamp(),
  `updated_at` datetime DEFAULT NULL ON UPDATE current_timestamp(),
  PRIMARY KEY (`initiator_user_id`,`target_user_id`),
  KEY `target_user_id` (`target_user_id`),
  CONSTRAINT `friend_requests_ibfk_1` FOREIGN KEY (`initiator_user_id`) REFERENCES `users` (`id`) ON DELETE CASCADE ON UPDATE CASCADE,
  CONSTRAINT `friend_requests_ibfk_2` FOREIGN KEY (`target_user_id`) REFERENCES `users` (`id`) ON DELETE CASCADE ON UPDATE CASCADE
) ENGINE=InnoDB DEFAULT CHARSET=utf8mb4 COLLATE=utf8mb4_unicode_ci;*/

INSERT INTO `friend_requests` (`initiator_user_id`, `target_user_id`, `status`, `requested_at`, `updated_at`) VALUES ('1', '7', 'requested', '2013-09-03 13:09:39', '2016-02-16 00:41:52');
INSERT INTO `friend_requests` (`initiator_user_id`, `target_user_id`, `status`, `requested_at`, `updated_at`) VALUES ('1', '17', 'declined', '1979-09-04 16:40:21', '1995-04-16 09:04:02');
INSERT INTO `friend_requests` (`initiator_user_id`, `target_user_id`, `status`, `requested_at`, `updated_at`) VALUES ('2', '14', 'approved', '2022-07-07 18:23:55', '1972-11-16 01:50:33');
INSERT INTO `friend_requests` (`initiator_user_id`, `target_user_id`, `status`, `requested_at`, `updated_at`) VALUES ('4', '2', 'declined', '1979-04-02 19:12:32', '1994-08-28 00:35:20');
INSERT INTO `friend_requests` (`initiator_user_id`, `target_user_id`, `status`, `requested_at`, `updated_at`) VALUES ('4', '3', 'requested', '1981-05-08 10:06:05', '2015-03-15 05:47:11');
INSERT INTO `friend_requests` (`initiator_user_id`, `target_user_id`, `status`, `requested_at`, `updated_at`) VALUES ('4', '8', 'approved', '1972-06-21 10:46:03', '1987-05-24 09:57:52');
INSERT INTO `friend_requests` (`initiator_user_id`, `target_user_id`, `status`, `requested_at`, `updated_at`) VALUES ('4', '10', 'unfriended', '1992-01-17 22:39:41', '2000-06-22 04:32:22');
INSERT INTO `friend_requests` (`initiator_user_id`, `target_user_id`, `status`, `requested_at`, `updated_at`) VALUES ('5', '4', 'approved', '1973-07-13 19:03:42', '2011-12-17 15:22:43');
INSERT INTO `friend_requests` (`initiator_user_id`, `target_user_id`, `status`, `requested_at`, `updated_at`) VALUES ('5', '18', 'unfriended', '2011-04-02 10:17:25', '1984-10-01 05:25:43');
INSERT INTO `friend_requests` (`initiator_user_id`, `target_user_id`, `status`, `requested_at`, `updated_at`) VALUES ('6', '2', 'declined', '2014-02-26 16:36:46', '2001-02-14 06:03:15');
INSERT INTO `friend_requests` (`initiator_user_id`, `target_user_id`, `status`, `requested_at`, `updated_at`) VALUES ('6', '3', 'unfriended', '1979-09-05 01:02:54', '1993-01-23 10:09:19');
INSERT INTO `friend_requests` (`initiator_user_id`, `target_user_id`, `status`, `requested_at`, `updated_at`) VALUES ('6', '6', 'requested', '1985-09-10 05:43:27', '1984-01-12 12:01:04');
INSERT INTO `friend_requests` (`initiator_user_id`, `target_user_id`, `status`, `requested_at`, `updated_at`) VALUES ('6', '10', 'unfriended', '2007-06-28 18:35:49', '2018-09-23 14:20:37');
INSERT INTO `friend_requests` (`initiator_user_id`, `target_user_id`, `status`, `requested_at`, `updated_at`) VALUES ('6', '18', 'approved', '1984-05-16 23:49:46', '2000-01-30 08:17:08');
INSERT INTO `friend_requests` (`initiator_user_id`, `target_user_id`, `status`, `requested_at`, `updated_at`) VALUES ('7', '2', 'requested', '2016-01-20 08:50:57', '2007-06-04 05:53:25');
INSERT INTO `friend_requests` (`initiator_user_id`, `target_user_id`, `status`, `requested_at`, `updated_at`) VALUES ('7', '5', 'unfriended', '1973-10-25 12:33:03', '1982-10-02 09:57:07');
INSERT INTO `friend_requests` (`initiator_user_id`, `target_user_id`, `status`, `requested_at`, `updated_at`) VALUES ('7', '12', 'approved', '1983-06-14 07:07:47', '2020-03-22 07:22:42');
INSERT INTO `friend_requests` (`initiator_user_id`, `target_user_id`, `status`, `requested_at`, `updated_at`) VALUES ('9', '5', 'requested', '1996-11-17 21:36:42', '1992-05-03 02:52:21');
INSERT INTO `friend_requests` (`initiator_user_id`, `target_user_id`, `status`, `requested_at`, `updated_at`) VALUES ('9', '9', 'unfriended', '1997-11-04 15:15:47', '2010-07-29 03:50:04');
INSERT INTO `friend_requests` (`initiator_user_id`, `target_user_id`, `status`, `requested_at`, `updated_at`) VALUES ('9', '13', 'requested', '1999-05-21 00:23:26', '2009-07-19 13:43:59');
INSERT INTO `friend_requests` (`initiator_user_id`, `target_user_id`, `status`, `requested_at`, `updated_at`) VALUES ('10', '3', 'declined', '1992-01-28 20:23:38', '1973-01-30 16:30:04');
INSERT INTO `friend_requests` (`initiator_user_id`, `target_user_id`, `status`, `requested_at`, `updated_at`) VALUES ('10', '8', 'requested', '1997-08-05 13:02:52', '2014-10-06 10:31:55');
INSERT INTO `friend_requests` (`initiator_user_id`, `target_user_id`, `status`, `requested_at`, `updated_at`) VALUES ('11', '3', 'approved', '1981-05-10 09:12:47', '2022-03-14 01:43:32');
INSERT INTO `friend_requests` (`initiator_user_id`, `target_user_id`, `status`, `requested_at`, `updated_at`) VALUES ('12', '3', 'unfriended', '1995-03-29 06:50:31', '1995-12-20 14:46:08');
INSERT INTO `friend_requests` (`initiator_user_id`, `target_user_id`, `status`, `requested_at`, `updated_at`) VALUES ('12', '7', 'requested', '2012-09-23 05:07:14', '2001-11-15 07:51:05');
INSERT INTO `friend_requests` (`initiator_user_id`, `target_user_id`, `status`, `requested_at`, `updated_at`) VALUES ('12', '13', 'requested', '1990-05-15 06:38:32', '1998-07-10 14:03:52');
INSERT INTO `friend_requests` (`initiator_user_id`, `target_user_id`, `status`, `requested_at`, `updated_at`) VALUES ('12', '14', 'requested', '1993-05-07 01:45:13', '2014-11-11 08:05:53');
INSERT INTO `friend_requests` (`initiator_user_id`, `target_user_id`, `status`, `requested_at`, `updated_at`) VALUES ('12', '16', 'requested', '1998-08-25 02:58:08', '1977-09-23 22:57:17');
INSERT INTO `friend_requests` (`initiator_user_id`, `target_user_id`, `status`, `requested_at`, `updated_at`) VALUES ('13', '1', 'approved', '2003-10-16 05:27:58', '2014-09-13 20:45:12');
INSERT INTO `friend_requests` (`initiator_user_id`, `target_user_id`, `status`, `requested_at`, `updated_at`) VALUES ('14', '6', 'unfriended', '2010-09-12 02:47:36', '1992-06-18 11:04:15');
INSERT INTO `friend_requests` (`initiator_user_id`, `target_user_id`, `status`, `requested_at`, `updated_at`) VALUES ('14', '18', 'requested', '1971-08-21 14:58:56', '1970-07-27 02:58:24');
INSERT INTO `friend_requests` (`initiator_user_id`, `target_user_id`, `status`, `requested_at`, `updated_at`) VALUES ('15', '14', 'declined', '1984-02-29 12:52:52', '1983-05-06 15:55:05');
INSERT INTO `friend_requests` (`initiator_user_id`, `target_user_id`, `status`, `requested_at`, `updated_at`) VALUES ('15', '18', 'declined', '2008-02-03 01:21:33', '2016-08-05 04:34:53');
INSERT INTO `friend_requests` (`initiator_user_id`, `target_user_id`, `status`, `requested_at`, `updated_at`) VALUES ('15', '19', 'declined', '2002-05-12 11:55:00', '1971-03-11 16:29:40');
INSERT INTO `friend_requests` (`initiator_user_id`, `target_user_id`, `status`, `requested_at`, `updated_at`) VALUES ('15', '20', 'approved', '1978-07-09 11:09:48', '1989-01-25 12:44:31');
INSERT INTO `friend_requests` (`initiator_user_id`, `target_user_id`, `status`, `requested_at`, `updated_at`) VALUES ('16', '19', 'declined', '2009-08-04 14:12:23', '1979-03-22 23:24:26');
INSERT INTO `friend_requests` (`initiator_user_id`, `target_user_id`, `status`, `requested_at`, `updated_at`) VALUES ('17', '3', 'unfriended', '2008-06-12 14:07:24', '2007-10-24 10:14:46');
INSERT INTO `friend_requests` (`initiator_user_id`, `target_user_id`, `status`, `requested_at`, `updated_at`) VALUES ('17', '9', 'approved', '2000-03-02 01:48:05', '2011-09-09 13:38:45');
INSERT INTO `friend_requests` (`initiator_user_id`, `target_user_id`, `status`, `requested_at`, `updated_at`) VALUES ('17', '18', 'requested', '1970-08-19 23:40:42', '2009-09-24 00:15:23');
INSERT INTO `friend_requests` (`initiator_user_id`, `target_user_id`, `status`, `requested_at`, `updated_at`) VALUES ('19', '17', 'approved', '1997-07-18 01:23:39', '1984-02-13 20:49:20');


#
# TABLE STRUCTURE FOR: friendlist
#

/*DROP TABLE IF EXISTS `friendlist`;

CREATE TABLE `friendlist` (
  `id` bigint(20) unsigned NOT NULL AUTO_INCREMENT,
  `friend_id` bigint(20) unsigned DEFAULT NULL,
  PRIMARY KEY (`id`),
  KEY `friend_id` (`friend_id`),
  CONSTRAINT `friendlist_ibfk_1` FOREIGN KEY (`friend_id`) REFERENCES `users` (`id`) ON DELETE SET NULL ON UPDATE CASCADE
) ENGINE=InnoDB DEFAULT CHARSET=utf8mb4 COLLATE=utf8mb4_unicode_ci;*/

#
# TABLE STRUCTURE FOR: likes
#

/*DROP TABLE IF EXISTS `likes`;

CREATE TABLE `likes` (
  `id` bigint(20) unsigned NOT NULL AUTO_INCREMENT,
  `user_id` bigint(20) unsigned NOT NULL,
  `media_id` bigint(20) unsigned NOT NULL,
  `created_at` datetime DEFAULT current_timestamp(),
  PRIMARY KEY (`id`),
  KEY `user_id` (`user_id`),
  KEY `media_id` (`media_id`),
  CONSTRAINT `likes_ibfk_1` FOREIGN KEY (`user_id`) REFERENCES `users` (`id`) ON DELETE CASCADE ON UPDATE CASCADE,
  CONSTRAINT `likes_ibfk_2` FOREIGN KEY (`media_id`) REFERENCES `media` (`id`) ON DELETE CASCADE ON UPDATE CASCADE
) ENGINE=InnoDB AUTO_INCREMENT=101 DEFAULT CHARSET=utf8mb4 COLLATE=utf8mb4_unicode_ci;*/

INSERT INTO `likes` (`id`, `user_id`, `media_id`, `created_at`) VALUES ('1', '1', '1', '2011-12-23 10:13:27');
INSERT INTO `likes` (`id`, `user_id`, `media_id`, `created_at`) VALUES ('2', '2', '2', '2018-03-22 20:12:01');
INSERT INTO `likes` (`id`, `user_id`, `media_id`, `created_at`) VALUES ('3', '3', '3', '1998-08-16 00:05:54');
INSERT INTO `likes` (`id`, `user_id`, `media_id`, `created_at`) VALUES ('4', '4', '4', '2007-05-26 14:23:39');
INSERT INTO `likes` (`id`, `user_id`, `media_id`, `created_at`) VALUES ('5', '5', '5', '2000-05-02 10:16:41');
INSERT INTO `likes` (`id`, `user_id`, `media_id`, `created_at`) VALUES ('6', '6', '6', '2001-02-23 20:18:24');
INSERT INTO `likes` (`id`, `user_id`, `media_id`, `created_at`) VALUES ('7', '7', '7', '1988-06-13 16:51:58');
INSERT INTO `likes` (`id`, `user_id`, `media_id`, `created_at`) VALUES ('8', '8', '8', '2010-06-12 08:57:24');
INSERT INTO `likes` (`id`, `user_id`, `media_id`, `created_at`) VALUES ('9', '9', '9', '1999-01-26 09:12:15');
INSERT INTO `likes` (`id`, `user_id`, `media_id`, `created_at`) VALUES ('10', '10', '10', '2005-12-20 17:39:58');
INSERT INTO `likes` (`id`, `user_id`, `media_id`, `created_at`) VALUES ('11', '11', '11', '1987-10-08 21:34:35');
INSERT INTO `likes` (`id`, `user_id`, `media_id`, `created_at`) VALUES ('12', '12', '12', '2003-12-11 16:55:06');
INSERT INTO `likes` (`id`, `user_id`, `media_id`, `created_at`) VALUES ('13', '13', '13', '2014-05-26 12:55:47');
INSERT INTO `likes` (`id`, `user_id`, `media_id`, `created_at`) VALUES ('14', '14', '14', '2004-08-02 08:53:11');
INSERT INTO `likes` (`id`, `user_id`, `media_id`, `created_at`) VALUES ('15', '15', '15', '2014-11-10 18:55:13');
INSERT INTO `likes` (`id`, `user_id`, `media_id`, `created_at`) VALUES ('16', '16', '16', '2016-01-03 04:26:42');
INSERT INTO `likes` (`id`, `user_id`, `media_id`, `created_at`) VALUES ('17', '17', '17', '2017-02-28 23:46:30');
INSERT INTO `likes` (`id`, `user_id`, `media_id`, `created_at`) VALUES ('18', '18', '18', '1978-10-26 04:56:13');
INSERT INTO `likes` (`id`, `user_id`, `media_id`, `created_at`) VALUES ('19', '19', '19', '2013-03-28 23:14:10');
INSERT INTO `likes` (`id`, `user_id`, `media_id`, `created_at`) VALUES ('20', '20', '20', '2009-02-11 08:11:45');
INSERT INTO `likes` (`id`, `user_id`, `media_id`, `created_at`) VALUES ('21', '1', '21', '2015-09-29 22:44:13');
INSERT INTO `likes` (`id`, `user_id`, `media_id`, `created_at`) VALUES ('22', '2', '22', '2004-01-05 04:45:27');
INSERT INTO `likes` (`id`, `user_id`, `media_id`, `created_at`) VALUES ('23', '3', '23', '2017-06-23 07:29:48');
INSERT INTO `likes` (`id`, `user_id`, `media_id`, `created_at`) VALUES ('24', '4', '24', '1990-08-18 04:52:55');
INSERT INTO `likes` (`id`, `user_id`, `media_id`, `created_at`) VALUES ('25', '5', '25', '2013-10-19 13:12:38');
INSERT INTO `likes` (`id`, `user_id`, `media_id`, `created_at`) VALUES ('26', '6', '26', '1978-05-23 16:36:23');
INSERT INTO `likes` (`id`, `user_id`, `media_id`, `created_at`) VALUES ('27', '7', '27', '2019-08-11 06:16:44');
INSERT INTO `likes` (`id`, `user_id`, `media_id`, `created_at`) VALUES ('28', '8', '28', '2011-12-16 07:44:02');
INSERT INTO `likes` (`id`, `user_id`, `media_id`, `created_at`) VALUES ('29', '9', '29', '1993-04-11 19:49:36');
INSERT INTO `likes` (`id`, `user_id`, `media_id`, `created_at`) VALUES ('30', '10', '30', '2011-10-10 06:16:00');
INSERT INTO `likes` (`id`, `user_id`, `media_id`, `created_at`) VALUES ('31', '11', '31', '1979-05-23 12:15:18');
INSERT INTO `likes` (`id`, `user_id`, `media_id`, `created_at`) VALUES ('32', '12', '32', '1985-12-11 09:37:46');
INSERT INTO `likes` (`id`, `user_id`, `media_id`, `created_at`) VALUES ('33', '13', '33', '1980-06-04 00:41:59');
INSERT INTO `likes` (`id`, `user_id`, `media_id`, `created_at`) VALUES ('34', '14', '34', '1988-12-13 15:21:49');
INSERT INTO `likes` (`id`, `user_id`, `media_id`, `created_at`) VALUES ('35', '15', '35', '1995-12-15 18:23:21');
INSERT INTO `likes` (`id`, `user_id`, `media_id`, `created_at`) VALUES ('36', '16', '36', '1973-10-12 11:02:00');
INSERT INTO `likes` (`id`, `user_id`, `media_id`, `created_at`) VALUES ('37', '17', '37', '1994-06-07 03:52:56');
INSERT INTO `likes` (`id`, `user_id`, `media_id`, `created_at`) VALUES ('38', '18', '38', '2013-10-09 05:09:52');
INSERT INTO `likes` (`id`, `user_id`, `media_id`, `created_at`) VALUES ('39', '19', '39', '2019-04-12 13:37:12');
INSERT INTO `likes` (`id`, `user_id`, `media_id`, `created_at`) VALUES ('40', '20', '40', '1985-03-28 07:10:47');
INSERT INTO `likes` (`id`, `user_id`, `media_id`, `created_at`) VALUES ('41', '1', '41', '1990-05-26 18:01:03');
INSERT INTO `likes` (`id`, `user_id`, `media_id`, `created_at`) VALUES ('42', '2', '42', '1986-04-08 16:52:35');
INSERT INTO `likes` (`id`, `user_id`, `media_id`, `created_at`) VALUES ('43', '3', '43', '2009-02-20 11:59:50');
INSERT INTO `likes` (`id`, `user_id`, `media_id`, `created_at`) VALUES ('44', '4', '44', '2000-02-27 04:50:49');
INSERT INTO `likes` (`id`, `user_id`, `media_id`, `created_at`) VALUES ('45', '5', '45', '2011-05-09 15:46:28');
INSERT INTO `likes` (`id`, `user_id`, `media_id`, `created_at`) VALUES ('46', '6', '46', '2011-01-28 07:27:30');
INSERT INTO `likes` (`id`, `user_id`, `media_id`, `created_at`) VALUES ('47', '7', '47', '1977-11-28 08:42:45');
INSERT INTO `likes` (`id`, `user_id`, `media_id`, `created_at`) VALUES ('48', '8', '48', '2002-11-15 14:19:32');
INSERT INTO `likes` (`id`, `user_id`, `media_id`, `created_at`) VALUES ('49', '9', '49', '2012-04-29 00:18:04');
INSERT INTO `likes` (`id`, `user_id`, `media_id`, `created_at`) VALUES ('50', '10', '50', '1973-01-31 05:24:48');
INSERT INTO `likes` (`id`, `user_id`, `media_id`, `created_at`) VALUES ('51', '11', '51', '1981-07-26 02:15:36');
INSERT INTO `likes` (`id`, `user_id`, `media_id`, `created_at`) VALUES ('52', '12', '52', '2009-06-05 02:24:31');
INSERT INTO `likes` (`id`, `user_id`, `media_id`, `created_at`) VALUES ('53', '13', '53', '1993-03-28 07:46:21');
INSERT INTO `likes` (`id`, `user_id`, `media_id`, `created_at`) VALUES ('54', '14', '54', '1979-09-26 08:17:34');
INSERT INTO `likes` (`id`, `user_id`, `media_id`, `created_at`) VALUES ('55', '15', '55', '2017-03-15 19:30:14');
INSERT INTO `likes` (`id`, `user_id`, `media_id`, `created_at`) VALUES ('56', '16', '56', '2001-04-13 07:42:14');
INSERT INTO `likes` (`id`, `user_id`, `media_id`, `created_at`) VALUES ('57', '17', '57', '1988-07-02 05:45:29');
INSERT INTO `likes` (`id`, `user_id`, `media_id`, `created_at`) VALUES ('58', '18', '58', '2010-12-06 19:38:41');
INSERT INTO `likes` (`id`, `user_id`, `media_id`, `created_at`) VALUES ('59', '19', '59', '1997-05-16 22:14:56');
INSERT INTO `likes` (`id`, `user_id`, `media_id`, `created_at`) VALUES ('60', '20', '60', '1975-10-01 03:05:21');
INSERT INTO `likes` (`id`, `user_id`, `media_id`, `created_at`) VALUES ('61', '1', '61', '2020-05-20 03:47:39');
INSERT INTO `likes` (`id`, `user_id`, `media_id`, `created_at`) VALUES ('62', '2', '62', '2011-08-03 19:38:10');
INSERT INTO `likes` (`id`, `user_id`, `media_id`, `created_at`) VALUES ('63', '3', '63', '2021-03-19 02:11:36');
INSERT INTO `likes` (`id`, `user_id`, `media_id`, `created_at`) VALUES ('64', '4', '64', '1974-10-17 15:36:07');
INSERT INTO `likes` (`id`, `user_id`, `media_id`, `created_at`) VALUES ('65', '5', '65', '1987-12-24 08:16:57');
INSERT INTO `likes` (`id`, `user_id`, `media_id`, `created_at`) VALUES ('66', '6', '66', '2014-11-13 18:22:50');
INSERT INTO `likes` (`id`, `user_id`, `media_id`, `created_at`) VALUES ('67', '7', '67', '1987-09-02 18:47:56');
INSERT INTO `likes` (`id`, `user_id`, `media_id`, `created_at`) VALUES ('68', '8', '68', '2015-06-30 20:17:39');
INSERT INTO `likes` (`id`, `user_id`, `media_id`, `created_at`) VALUES ('69', '9', '69', '1985-08-19 23:16:45');
INSERT INTO `likes` (`id`, `user_id`, `media_id`, `created_at`) VALUES ('70', '10', '70', '2000-11-30 14:50:11');
INSERT INTO `likes` (`id`, `user_id`, `media_id`, `created_at`) VALUES ('71', '11', '71', '2017-08-05 19:17:22');
INSERT INTO `likes` (`id`, `user_id`, `media_id`, `created_at`) VALUES ('72', '12', '72', '2011-05-10 19:43:44');
INSERT INTO `likes` (`id`, `user_id`, `media_id`, `created_at`) VALUES ('73', '13', '73', '1971-03-04 16:07:31');
INSERT INTO `likes` (`id`, `user_id`, `media_id`, `created_at`) VALUES ('74', '14', '74', '1988-07-18 06:44:59');
INSERT INTO `likes` (`id`, `user_id`, `media_id`, `created_at`) VALUES ('75', '15', '75', '1977-11-19 16:52:12');
INSERT INTO `likes` (`id`, `user_id`, `media_id`, `created_at`) VALUES ('76', '16', '76', '2023-01-18 00:12:22');
INSERT INTO `likes` (`id`, `user_id`, `media_id`, `created_at`) VALUES ('77', '17', '77', '1986-08-11 00:24:38');
INSERT INTO `likes` (`id`, `user_id`, `media_id`, `created_at`) VALUES ('78', '18', '78', '1981-04-25 22:59:24');
INSERT INTO `likes` (`id`, `user_id`, `media_id`, `created_at`) VALUES ('79', '19', '79', '2022-11-09 10:24:25');
INSERT INTO `likes` (`id`, `user_id`, `media_id`, `created_at`) VALUES ('80', '20', '80', '2002-07-18 16:29:57');
INSERT INTO `likes` (`id`, `user_id`, `media_id`, `created_at`) VALUES ('81', '1', '81', '1974-03-24 02:21:39');
INSERT INTO `likes` (`id`, `user_id`, `media_id`, `created_at`) VALUES ('82', '2', '82', '2017-02-22 16:40:37');
INSERT INTO `likes` (`id`, `user_id`, `media_id`, `created_at`) VALUES ('83', '3', '83', '2001-05-16 17:11:02');
INSERT INTO `likes` (`id`, `user_id`, `media_id`, `created_at`) VALUES ('84', '4', '84', '2005-11-22 00:11:37');
INSERT INTO `likes` (`id`, `user_id`, `media_id`, `created_at`) VALUES ('85', '5', '85', '1976-12-03 16:18:59');
INSERT INTO `likes` (`id`, `user_id`, `media_id`, `created_at`) VALUES ('86', '6', '86', '1986-05-15 23:15:01');
INSERT INTO `likes` (`id`, `user_id`, `media_id`, `created_at`) VALUES ('87', '7', '87', '1976-09-21 22:20:20');
INSERT INTO `likes` (`id`, `user_id`, `media_id`, `created_at`) VALUES ('88', '8', '88', '1989-05-30 05:11:13');
INSERT INTO `likes` (`id`, `user_id`, `media_id`, `created_at`) VALUES ('89', '9', '89', '2021-05-09 04:37:24');
INSERT INTO `likes` (`id`, `user_id`, `media_id`, `created_at`) VALUES ('90', '10', '90', '2005-02-28 17:45:41');
INSERT INTO `likes` (`id`, `user_id`, `media_id`, `created_at`) VALUES ('91', '11', '91', '1974-03-09 08:50:13');
INSERT INTO `likes` (`id`, `user_id`, `media_id`, `created_at`) VALUES ('92', '12', '92', '1976-08-02 12:42:48');
INSERT INTO `likes` (`id`, `user_id`, `media_id`, `created_at`) VALUES ('93', '13', '93', '1972-08-12 11:22:09');
INSERT INTO `likes` (`id`, `user_id`, `media_id`, `created_at`) VALUES ('94', '14', '94', '1995-12-03 07:25:15');
INSERT INTO `likes` (`id`, `user_id`, `media_id`, `created_at`) VALUES ('95', '15', '95', '2015-06-02 23:58:52');
INSERT INTO `likes` (`id`, `user_id`, `media_id`, `created_at`) VALUES ('96', '16', '96', '1984-11-11 10:49:00');
INSERT INTO `likes` (`id`, `user_id`, `media_id`, `created_at`) VALUES ('97', '17', '97', '2019-08-27 04:59:35');
INSERT INTO `likes` (`id`, `user_id`, `media_id`, `created_at`) VALUES ('98', '18', '98', '2007-04-12 14:47:26');
INSERT INTO `likes` (`id`, `user_id`, `media_id`, `created_at`) VALUES ('99', '19', '99', '1983-03-10 10:56:21');
INSERT INTO `likes` (`id`, `user_id`, `media_id`, `created_at`) VALUES ('100', '20', '100', '1992-08-16 12:30:52');


#
# TABLE STRUCTURE FOR: media
#

/*DROP TABLE IF EXISTS `media`;

CREATE TABLE `media` (
  `id` bigint(20) unsigned NOT NULL AUTO_INCREMENT,
  `media_type_id` bigint(20) unsigned DEFAULT NULL,
  `user_id` bigint(20) unsigned NOT NULL,
  `body` text COLLATE utf8mb4_unicode_ci DEFAULT NULL,
  `filename` varchar(255) COLLATE utf8mb4_unicode_ci DEFAULT NULL,
  `size` int(11) DEFAULT NULL,
  `metadata` longtext CHARACTER SET utf8mb4 COLLATE utf8mb4_bin DEFAULT NULL CHECK (json_valid(`metadata`)),
  `created_at` datetime DEFAULT current_timestamp(),
  `updated_at` datetime DEFAULT current_timestamp() ON UPDATE current_timestamp(),
  PRIMARY KEY (`id`),
  KEY `user_id` (`user_id`),
  KEY `media_type_id` (`media_type_id`),
  CONSTRAINT `media_ibfk_1` FOREIGN KEY (`user_id`) REFERENCES `users` (`id`) ON DELETE CASCADE ON UPDATE CASCADE,
  CONSTRAINT `media_ibfk_2` FOREIGN KEY (`media_type_id`) REFERENCES `media_types` (`id`) ON DELETE SET NULL ON UPDATE CASCADE
) ENGINE=InnoDB AUTO_INCREMENT=101 DEFAULT CHARSET=utf8mb4 COLLATE=utf8mb4_unicode_ci;*/

INSERT INTO `media` (`id`, `media_type_id`, `user_id`, `body`, `filename`, `size`, `metadata`, `created_at`, `updated_at`) VALUES ('1', '1', '19', 'Quidem et quibusdam ipsa porro dolorem. Aut accusamus harum et. Veniam ut tempore tempore est omnis. Eum iure iusto dolores blanditiis modi.', 'dolorem', 20996749, NULL, '2022-08-17 09:32:33', '1971-04-19 23:32:53');
INSERT INTO `media` (`id`, `media_type_id`, `user_id`, `body`, `filename`, `size`, `metadata`, `created_at`, `updated_at`) VALUES ('2', '2', '11', 'Maiores quae est aut veniam animi minus. Voluptatibus provident sed sunt eaque modi. Veritatis est voluptas voluptate enim perspiciatis aut. Eum adipisci aspernatur eos sit. Aut quam commodi nesciunt dolore optio libero eaque consequatur.', 'sapiente', 16942, NULL, '2007-03-10 07:28:02', '2003-06-18 21:19:06');
INSERT INTO `media` (`id`, `media_type_id`, `user_id`, `body`, `filename`, `size`, `metadata`, `created_at`, `updated_at`) VALUES ('3', '3', '6', 'Aliquam esse eligendi aut fugit numquam. Officia sit dolore et. Nemo corporis necessitatibus commodi qui in veniam non. Vel debitis maxime optio omnis et dolores ut est.', 'consequuntur', 78181354, NULL, '1989-09-21 15:16:02', '1984-08-14 13:57:14');
INSERT INTO `media` (`id`, `media_type_id`, `user_id`, `body`, `filename`, `size`, `metadata`, `created_at`, `updated_at`) VALUES ('4', '4', '16', 'Voluptatem sint perferendis et atque. Quod voluptatem non delectus quia. Ducimus dicta molestias assumenda eligendi. Est laboriosam neque incidunt voluptatem. Nostrum voluptate in magnam nihil dolorum sequi.', 'illo', 366533, NULL, '1972-06-01 00:57:10', '1973-10-18 13:33:48');
INSERT INTO `media` (`id`, `media_type_id`, `user_id`, `body`, `filename`, `size`, `metadata`, `created_at`, `updated_at`) VALUES ('5', '1', '5', 'Ut ut labore illum ab. Odit eum nihil dolore quo. Placeat omnis iste quos nisi atque rem sed impedit. Impedit enim placeat qui magnam. Repellat eaque iusto repellat ut iste et excepturi ipsam.', 'praesentium', 773853782, NULL, '1990-06-19 02:34:07', '1972-12-11 10:36:31');
INSERT INTO `media` (`id`, `media_type_id`, `user_id`, `body`, `filename`, `size`, `metadata`, `created_at`, `updated_at`) VALUES ('6', '2', '11', 'Voluptatem optio nobis id et. Rerum non non omnis ipsum aliquam. Accusamus culpa minima alias neque aliquam. Exercitationem ut eos nisi ut natus aut.', 'vitae', 768265, NULL, '1993-03-20 17:45:37', '2020-05-29 21:43:14');
INSERT INTO `media` (`id`, `media_type_id`, `user_id`, `body`, `filename`, `size`, `metadata`, `created_at`, `updated_at`) VALUES ('7', '3', '10', 'Distinctio debitis deserunt molestiae voluptatum et natus. Nam rerum hic et.', 'eveniet', 567, NULL, '2020-12-11 20:34:59', '1974-12-01 09:12:18');
INSERT INTO `media` (`id`, `media_type_id`, `user_id`, `body`, `filename`, `size`, `metadata`, `created_at`, `updated_at`) VALUES ('8', '4', '3', 'Aliquam quia sit qui qui voluptatem quae pariatur et. Magnam modi omnis perspiciatis. Nihil iste qui qui praesentium qui.', 'consequatur', 7, NULL, '2011-09-23 20:23:21', '1982-09-04 11:53:18');
INSERT INTO `media` (`id`, `media_type_id`, `user_id`, `body`, `filename`, `size`, `metadata`, `created_at`, `updated_at`) VALUES ('9', '1', '8', 'Veritatis facilis possimus sed ab. Labore sapiente rerum exercitationem repudiandae molestias. Assumenda qui consequatur necessitatibus autem ipsum. Excepturi sequi odio assumenda.', 'vel', 25467328, NULL, '1996-06-07 06:50:52', '1988-06-28 12:57:39');
INSERT INTO `media` (`id`, `media_type_id`, `user_id`, `body`, `filename`, `size`, `metadata`, `created_at`, `updated_at`) VALUES ('10', '2', '19', 'Nihil eaque provident consequatur rerum ut veritatis labore. Iusto enim optio enim non. Id non aut porro.', 'enim', 45, NULL, '1997-07-03 15:52:14', '1974-02-24 11:16:49');
INSERT INTO `media` (`id`, `media_type_id`, `user_id`, `body`, `filename`, `size`, `metadata`, `created_at`, `updated_at`) VALUES ('11', '3', '13', 'Earum enim itaque est officiis sunt et fugit delectus. Architecto animi animi eos et sit reprehenderit. Sed suscipit ut rerum quibusdam inventore voluptatem debitis.', 'sint', 5, NULL, '1970-09-10 23:33:46', '1983-06-06 21:40:03');
INSERT INTO `media` (`id`, `media_type_id`, `user_id`, `body`, `filename`, `size`, `metadata`, `created_at`, `updated_at`) VALUES ('12', '4', '14', 'Inventore quis nesciunt vel dicta exercitationem provident. Et non dolores tempore voluptates placeat eos. Cupiditate vero voluptatem cum in veniam. Sed sit ab omnis est nulla eius qui.', 'voluptatum', 2129805, NULL, '1992-06-06 06:41:34', '1997-01-06 08:15:22');
INSERT INTO `media` (`id`, `media_type_id`, `user_id`, `body`, `filename`, `size`, `metadata`, `created_at`, `updated_at`) VALUES ('13', '1', '2', 'Laudantium molestias commodi odit. Eum omnis est sint voluptates at vero.', 'cupiditate', 273126, NULL, '2018-12-18 22:55:02', '2000-02-20 22:04:24');
INSERT INTO `media` (`id`, `media_type_id`, `user_id`, `body`, `filename`, `size`, `metadata`, `created_at`, `updated_at`) VALUES ('14', '2', '18', 'Ut amet dignissimos error accusamus. At laboriosam consequatur eaque voluptatem natus iusto. In ut possimus excepturi quod molestiae occaecati consequatur. Aut iusto delectus optio et aliquam facere hic possimus.', 'sed', 6349, NULL, '2008-01-24 09:19:53', '1970-05-11 12:10:10');
INSERT INTO `media` (`id`, `media_type_id`, `user_id`, `body`, `filename`, `size`, `metadata`, `created_at`, `updated_at`) VALUES ('15', '3', '18', 'Similique et fuga eveniet velit. Molestias ad ipsum animi molestias dicta. Odio aut temporibus sit aut repudiandae quia ut. Beatae dignissimos voluptates consequatur nesciunt.', 'non', 9, NULL, '1996-01-08 02:33:12', '2004-05-12 19:35:25');
INSERT INTO `media` (`id`, `media_type_id`, `user_id`, `body`, `filename`, `size`, `metadata`, `created_at`, `updated_at`) VALUES ('16', '4', '17', 'Sunt magnam ad impedit mollitia. In natus rerum quia facere dolorem facilis. Cupiditate enim similique id repudiandae aut et. Asperiores in facere fugiat fuga.', 'et', 3, NULL, '1981-03-20 13:17:46', '2004-05-20 11:44:27');
INSERT INTO `media` (`id`, `media_type_id`, `user_id`, `body`, `filename`, `size`, `metadata`, `created_at`, `updated_at`) VALUES ('17', '1', '11', 'Atque eum suscipit et quos numquam. Qui laborum dolor distinctio amet exercitationem quae. Officiis itaque laudantium sint provident nisi reprehenderit. Asperiores et fugit quas ut dolorem.', 'molestiae', 61107, NULL, '1976-05-21 11:27:45', '1980-03-14 21:57:39');
INSERT INTO `media` (`id`, `media_type_id`, `user_id`, `body`, `filename`, `size`, `metadata`, `created_at`, `updated_at`) VALUES ('18', '2', '13', 'In eos iusto dolore esse ipsum et. Odio consectetur illo tempore ut. Saepe quaerat enim a voluptatem debitis et. Sed non architecto ut esse.', 'ratione', 931059, NULL, '2007-07-06 06:10:53', '1984-05-09 13:22:19');
INSERT INTO `media` (`id`, `media_type_id`, `user_id`, `body`, `filename`, `size`, `metadata`, `created_at`, `updated_at`) VALUES ('19', '3', '18', 'Qui qui aut vel enim aut possimus aut. Nam perspiciatis et voluptatem. Itaque sunt aut reprehenderit expedita. Esse porro aut hic unde.', 'quas', 46555, NULL, '2018-01-25 07:09:52', '1986-05-16 17:04:45');
INSERT INTO `media` (`id`, `media_type_id`, `user_id`, `body`, `filename`, `size`, `metadata`, `created_at`, `updated_at`) VALUES ('20', '4', '15', 'Ducimus fugiat quas et et quam est ut doloribus. Optio sunt corporis ipsa qui veritatis tenetur.', 'aliquam', 8, NULL, '1997-06-13 12:47:00', '2016-04-11 10:34:50');
INSERT INTO `media` (`id`, `media_type_id`, `user_id`, `body`, `filename`, `size`, `metadata`, `created_at`, `updated_at`) VALUES ('21', '1', '20', 'Id est vel amet. Maiores ex nisi eveniet voluptatem quidem. Dicta nobis nam eos non repellendus enim.', 'aspernatur', 720, NULL, '1972-04-14 10:00:46', '2021-06-10 16:42:59');
INSERT INTO `media` (`id`, `media_type_id`, `user_id`, `body`, `filename`, `size`, `metadata`, `created_at`, `updated_at`) VALUES ('22', '2', '12', 'Similique nostrum quia molestiae non sunt. Et eveniet non velit quos corporis sed.', 'eos', 567, NULL, '1988-01-11 00:11:35', '1998-02-11 06:34:47');
INSERT INTO `media` (`id`, `media_type_id`, `user_id`, `body`, `filename`, `size`, `metadata`, `created_at`, `updated_at`) VALUES ('23', '3', '3', 'Consequatur temporibus alias hic ab iste. Vero quidem recusandae saepe in perspiciatis aut quia id. Cumque est facere odio.', 'amet', 76936092, NULL, '1992-11-04 17:35:24', '2021-02-12 07:03:46');
INSERT INTO `media` (`id`, `media_type_id`, `user_id`, `body`, `filename`, `size`, `metadata`, `created_at`, `updated_at`) VALUES ('24', '4', '17', 'Possimus dolorum voluptatem odit accusantium quo consequuntur accusamus fugiat. Aperiam commodi ut illo. Nostrum impedit libero sed aut ut ut.', 'totam', 91, NULL, '2002-01-02 18:10:59', '1997-04-02 17:30:03');
INSERT INTO `media` (`id`, `media_type_id`, `user_id`, `body`, `filename`, `size`, `metadata`, `created_at`, `updated_at`) VALUES ('25', '1', '12', 'Ut est consequatur ut tenetur et. Facere pariatur doloribus ea omnis qui consequatur ut. Dolorum praesentium aut reprehenderit voluptas veniam.', 'soluta', 401, NULL, '2000-10-27 09:32:30', '1992-08-15 15:30:57');
INSERT INTO `media` (`id`, `media_type_id`, `user_id`, `body`, `filename`, `size`, `metadata`, `created_at`, `updated_at`) VALUES ('26', '2', '14', 'Nihil quo quisquam et officia similique laudantium. Quia possimus quia est perferendis numquam iure. Earum modi magnam et. Rem molestiae doloremque tempore et corporis sint soluta. Vero voluptas nihil incidunt non vitae tempora quia.', 'sint', 84680, NULL, '2002-02-17 09:01:52', '2009-02-28 19:49:07');
INSERT INTO `media` (`id`, `media_type_id`, `user_id`, `body`, `filename`, `size`, `metadata`, `created_at`, `updated_at`) VALUES ('27', '3', '4', 'Enim unde neque dolores eius. Aut eos aut cum dolorem commodi sunt nemo. Vel voluptates iure qui voluptatibus nesciunt deleniti totam ducimus.', 'eos', 0, NULL, '2000-12-09 06:58:28', '1986-03-14 04:31:44');
INSERT INTO `media` (`id`, `media_type_id`, `user_id`, `body`, `filename`, `size`, `metadata`, `created_at`, `updated_at`) VALUES ('28', '4', '8', 'Ipsam delectus id repellat temporibus provident neque. Laborum eveniet et nisi maiores velit voluptatem. Vitae atque vitae omnis. Labore repellat dolor perferendis.', 'possimus', 218, NULL, '1986-05-21 22:51:03', '1970-01-24 20:27:02');
INSERT INTO `media` (`id`, `media_type_id`, `user_id`, `body`, `filename`, `size`, `metadata`, `created_at`, `updated_at`) VALUES ('29', '1', '5', 'Sequi magni impedit velit esse cumque numquam ad. Reiciendis pariatur optio ea saepe vel. Tempore ut commodi necessitatibus ut fugiat veniam est. Qui aperiam recusandae assumenda est ex ex ad.', 'id', 17710, NULL, '1998-11-12 03:50:00', '1975-01-01 19:35:34');
INSERT INTO `media` (`id`, `media_type_id`, `user_id`, `body`, `filename`, `size`, `metadata`, `created_at`, `updated_at`) VALUES ('30', '2', '8', 'Nisi quisquam velit ut occaecati modi voluptatem ea. Repellendus necessitatibus soluta ipsa id quibusdam. Animi est illo dolor harum. Iste natus sapiente qui fuga perferendis dolores dolorem voluptate.', 'et', 0, NULL, '1983-08-10 16:24:00', '2007-05-02 09:42:11');
INSERT INTO `media` (`id`, `media_type_id`, `user_id`, `body`, `filename`, `size`, `metadata`, `created_at`, `updated_at`) VALUES ('31', '3', '12', 'Non impedit ut et quae iusto. Aut dolor ut fugiat qui.', 'magnam', 0, NULL, '2009-02-06 18:23:37', '1990-05-18 09:10:15');
INSERT INTO `media` (`id`, `media_type_id`, `user_id`, `body`, `filename`, `size`, `metadata`, `created_at`, `updated_at`) VALUES ('32', '4', '4', 'Quibusdam optio qui aut. Amet voluptatem rem officia. Corrupti totam amet eos quis dolorum sit quidem. Dolores ducimus culpa ipsam amet nobis eos qui qui.', 'cupiditate', 124, NULL, '2009-08-24 10:38:57', '2008-05-29 07:18:28');
INSERT INTO `media` (`id`, `media_type_id`, `user_id`, `body`, `filename`, `size`, `metadata`, `created_at`, `updated_at`) VALUES ('33', '1', '18', 'Consequatur fugiat aliquid beatae qui similique ipsa quasi modi. Sit dolorem officia in culpa. Tenetur est totam iusto quia error. Delectus voluptas voluptas assumenda id.', 'aut', 0, NULL, '1982-12-15 15:34:48', '1985-02-05 21:24:33');
INSERT INTO `media` (`id`, `media_type_id`, `user_id`, `body`, `filename`, `size`, `metadata`, `created_at`, `updated_at`) VALUES ('34', '2', '18', 'Rerum sequi assumenda ex fuga ut omnis. Cupiditate quos quasi consequatur mollitia excepturi sapiente atque molestiae. Quis magnam minima quo ratione. Ipsum sit aut earum maxime.', 'eaque', 12186, NULL, '1977-03-06 20:29:44', '2012-03-15 00:13:14');
INSERT INTO `media` (`id`, `media_type_id`, `user_id`, `body`, `filename`, `size`, `metadata`, `created_at`, `updated_at`) VALUES ('35', '3', '19', 'Eaque quo totam laboriosam itaque quia voluptates debitis. Iste sed ut numquam sit cumque ipsam.', 'ea', 90895045, NULL, '1994-10-15 14:08:00', '2014-04-19 21:38:01');
INSERT INTO `media` (`id`, `media_type_id`, `user_id`, `body`, `filename`, `size`, `metadata`, `created_at`, `updated_at`) VALUES ('36', '4', '2', 'Quis ea vel temporibus ut dolorum eum. Sed quas explicabo voluptatibus. Et blanditiis occaecati vero adipisci quia. Provident vel vitae similique est eveniet quidem. Alias quaerat repellat nostrum consequatur impedit recusandae.', 'sit', 0, NULL, '1992-12-19 12:08:33', '1980-03-22 14:14:15');
INSERT INTO `media` (`id`, `media_type_id`, `user_id`, `body`, `filename`, `size`, `metadata`, `created_at`, `updated_at`) VALUES ('37', '1', '9', 'Voluptatum ullam enim ut voluptatibus voluptatem totam non. Qui sed totam laborum vero et maiores. Voluptatem aliquid voluptatem qui consectetur.', 'ipsam', 68592, NULL, '1981-08-18 19:29:40', '1970-09-02 14:14:20');
INSERT INTO `media` (`id`, `media_type_id`, `user_id`, `body`, `filename`, `size`, `metadata`, `created_at`, `updated_at`) VALUES ('38', '2', '8', 'Vitae fugit aperiam magni minima perspiciatis. Enim qui hic numquam et quis. Et quisquam consequatur ut voluptates natus sed dolorem.', 'totam', 0, NULL, '1990-03-12 02:40:48', '2020-01-24 16:12:10');
INSERT INTO `media` (`id`, `media_type_id`, `user_id`, `body`, `filename`, `size`, `metadata`, `created_at`, `updated_at`) VALUES ('39', '3', '5', 'Aut autem possimus doloribus minima nam error. Voluptatem corrupti deserunt sequi voluptate explicabo sed. Odio error illo et officiis. Omnis nulla quia necessitatibus sed neque.', 'aut', 6758, NULL, '1999-08-13 01:09:37', '1971-06-26 05:33:01');
INSERT INTO `media` (`id`, `media_type_id`, `user_id`, `body`, `filename`, `size`, `metadata`, `created_at`, `updated_at`) VALUES ('40', '4', '17', 'Iste est tempora consequatur est. Explicabo quasi dolore accusantium qui numquam assumenda eveniet. Quis placeat sequi a nobis exercitationem.', 'omnis', 51940, NULL, '2010-06-18 11:53:51', '2011-10-25 12:50:23');
INSERT INTO `media` (`id`, `media_type_id`, `user_id`, `body`, `filename`, `size`, `metadata`, `created_at`, `updated_at`) VALUES ('41', '1', '6', 'Sapiente non excepturi quis qui. Sit aspernatur mollitia aut nulla enim. Aut animi aliquam dolores aut odit quia.', 'id', 78892, NULL, '1976-01-22 01:43:04', '1996-01-18 04:48:56');
INSERT INTO `media` (`id`, `media_type_id`, `user_id`, `body`, `filename`, `size`, `metadata`, `created_at`, `updated_at`) VALUES ('42', '2', '18', 'Molestiae quo vitae doloremque quia voluptatem. Culpa provident quis eos minus ab doloribus in. Aliquam ullam ullam commodi laudantium quos quae aspernatur. Amet qui unde nulla debitis dicta culpa.', 'aperiam', 517342, NULL, '2010-05-05 03:34:45', '1998-12-02 05:53:12');
INSERT INTO `media` (`id`, `media_type_id`, `user_id`, `body`, `filename`, `size`, `metadata`, `created_at`, `updated_at`) VALUES ('43', '3', '10', 'Autem nam ad accusamus mollitia. Aut aliquam placeat possimus harum voluptas aut fugit. Eaque tempore deserunt et. Ea nesciunt debitis omnis amet sint.', 'esse', 809940, NULL, '1997-04-16 20:07:49', '2003-06-04 23:02:26');
INSERT INTO `media` (`id`, `media_type_id`, `user_id`, `body`, `filename`, `size`, `metadata`, `created_at`, `updated_at`) VALUES ('44', '4', '8', 'Culpa nihil reiciendis eos et animi consequuntur. Corrupti inventore autem aut eum quas accusantium explicabo ut. Eos laborum voluptate veritatis ipsum ducimus repellat qui. Nulla vitae sit error similique aut.', 'consequatur', 133, NULL, '1972-03-13 01:49:04', '2014-02-08 22:30:35');
INSERT INTO `media` (`id`, `media_type_id`, `user_id`, `body`, `filename`, `size`, `metadata`, `created_at`, `updated_at`) VALUES ('45', '1', '15', 'Incidunt laudantium in eveniet vero et. Iusto labore inventore dignissimos ab sit. Earum rerum eveniet quod voluptatem doloremque.', 'dolore', 1, NULL, '2010-01-14 17:06:52', '1979-02-14 09:55:22');
INSERT INTO `media` (`id`, `media_type_id`, `user_id`, `body`, `filename`, `size`, `metadata`, `created_at`, `updated_at`) VALUES ('46', '2', '7', 'Aut et et nesciunt natus consequatur quo eius. Dolorum quod dolor quam qui aut. Quod quas neque aut ratione cum recusandae dolor minima. Dolor et neque mollitia quo dolorem.', 'dignissimos', 66, NULL, '2019-01-18 04:33:40', '1973-06-09 05:31:54');
INSERT INTO `media` (`id`, `media_type_id`, `user_id`, `body`, `filename`, `size`, `metadata`, `created_at`, `updated_at`) VALUES ('47', '3', '5', 'Ipsum ab sed quia sequi est possimus necessitatibus. Rerum ex sit fuga fugiat blanditiis. Aperiam neque esse optio. Consequatur velit sunt error placeat repudiandae. Voluptatibus voluptatem ut aut in labore nobis ipsam voluptates.', 'saepe', 0, NULL, '1987-11-23 21:10:32', '2008-09-29 21:28:14');
INSERT INTO `media` (`id`, `media_type_id`, `user_id`, `body`, `filename`, `size`, `metadata`, `created_at`, `updated_at`) VALUES ('48', '4', '5', 'Dolorem dolore qui in et tempore et vel. Asperiores sint et doloremque sint labore officia ipsam nostrum. Qui deserunt commodi dolores possimus.', 'consequatur', 0, NULL, '1988-12-14 04:42:17', '1979-09-02 14:38:54');
INSERT INTO `media` (`id`, `media_type_id`, `user_id`, `body`, `filename`, `size`, `metadata`, `created_at`, `updated_at`) VALUES ('49', '1', '20', 'Rerum accusantium consectetur accusantium aut. Quae similique ducimus quae et ea reiciendis. Provident est laudantium dicta voluptas. Eveniet maiores aut ducimus non qui.', 'eos', 522777, NULL, '2017-08-25 04:06:56', '1978-11-11 00:33:08');
INSERT INTO `media` (`id`, `media_type_id`, `user_id`, `body`, `filename`, `size`, `metadata`, `created_at`, `updated_at`) VALUES ('50', '2', '2', 'Omnis debitis doloremque et illo est. Consectetur aspernatur non magnam cum sequi. Saepe dolorum architecto quam et ipsum.', 'possimus', 6373, NULL, '1987-11-12 18:22:14', '2009-07-31 15:06:02');
INSERT INTO `media` (`id`, `media_type_id`, `user_id`, `body`, `filename`, `size`, `metadata`, `created_at`, `updated_at`) VALUES ('51', '3', '20', 'Qui beatae dignissimos temporibus distinctio maxime illo eaque. Soluta nobis sapiente vel placeat. Quia laudantium ut ad illum non ut dolorem. Consequatur repellat aut consequatur exercitationem aut.', 'dolor', 3, NULL, '1972-04-20 00:18:19', '1998-04-18 15:26:18');
INSERT INTO `media` (`id`, `media_type_id`, `user_id`, `body`, `filename`, `size`, `metadata`, `created_at`, `updated_at`) VALUES ('52', '4', '20', 'Id quo expedita consectetur dolore. Ullam ullam qui alias officia incidunt culpa est impedit.', 'sit', 661149424, NULL, '2014-07-30 04:27:43', '2014-12-21 10:41:55');
INSERT INTO `media` (`id`, `media_type_id`, `user_id`, `body`, `filename`, `size`, `metadata`, `created_at`, `updated_at`) VALUES ('53', '1', '13', 'Qui nobis modi ducimus nobis. Et occaecati hic et eaque error repellat molestias quia. Ipsum sapiente voluptatum nemo.', 'doloremque', 721396, NULL, '1993-09-18 01:35:42', '1982-03-31 03:22:22');
INSERT INTO `media` (`id`, `media_type_id`, `user_id`, `body`, `filename`, `size`, `metadata`, `created_at`, `updated_at`) VALUES ('54', '2', '2', 'Fugiat atque architecto quos. Perspiciatis velit mollitia natus. Voluptas perspiciatis voluptatem nemo minima sequi occaecati labore impedit. Qui quo debitis laudantium ipsam. Ea nesciunt qui cumque quae.', 'sit', 53247261, NULL, '2016-11-22 22:07:11', '1978-11-01 17:31:38');
INSERT INTO `media` (`id`, `media_type_id`, `user_id`, `body`, `filename`, `size`, `metadata`, `created_at`, `updated_at`) VALUES ('55', '3', '16', 'Sint repudiandae consequuntur et repellat perspiciatis. Est ipsa placeat laboriosam perspiciatis. Rem et non reprehenderit animi accusantium.', 'nam', 0, NULL, '2003-06-26 15:55:08', '1986-05-28 06:23:36');
INSERT INTO `media` (`id`, `media_type_id`, `user_id`, `body`, `filename`, `size`, `metadata`, `created_at`, `updated_at`) VALUES ('56', '4', '4', 'Non laborum sint sed qui velit quia. Ut repellat natus consequuntur eos minima eum officiis.', 'minima', 0, NULL, '1973-07-21 02:30:51', '2019-03-21 20:09:24');
INSERT INTO `media` (`id`, `media_type_id`, `user_id`, `body`, `filename`, `size`, `metadata`, `created_at`, `updated_at`) VALUES ('57', '1', '16', 'Consequatur dolores qui voluptates est voluptatem nesciunt. Est et quis laudantium velit qui doloribus qui sint. Quo neque quibusdam quisquam tempore quo quae. Architecto cum assumenda pariatur eveniet.', 'fuga', 63281, NULL, '2018-10-24 10:04:35', '1973-04-27 01:06:25');
INSERT INTO `media` (`id`, `media_type_id`, `user_id`, `body`, `filename`, `size`, `metadata`, `created_at`, `updated_at`) VALUES ('58', '2', '20', 'Facere perferendis sit atque animi. Iusto non laboriosam consequatur rerum. Aliquam quisquam sit tempore dolorem voluptatem nihil. Quod et dolorem sit.', 'distinctio', 80, NULL, '2004-09-12 01:31:05', '1981-08-02 11:54:28');
INSERT INTO `media` (`id`, `media_type_id`, `user_id`, `body`, `filename`, `size`, `metadata`, `created_at`, `updated_at`) VALUES ('59', '3', '12', 'Magnam nobis repellendus excepturi animi deserunt et ab. Beatae velit aut aperiam dolor ipsum. Consequatur et labore placeat et dolorem eius explicabo molestiae.', 'fuga', 749957693, NULL, '1986-12-11 10:40:15', '2021-09-08 00:07:19');
INSERT INTO `media` (`id`, `media_type_id`, `user_id`, `body`, `filename`, `size`, `metadata`, `created_at`, `updated_at`) VALUES ('60', '4', '1', 'Unde id et repudiandae nulla dolorum. Aut quos soluta enim aut commodi vero. Veritatis ducimus sit autem quo accusamus ea non. Inventore enim corporis ipsa et et quia. Et deserunt animi accusamus facilis.', 'libero', 8607, NULL, '2011-06-27 12:38:24', '1977-03-02 09:47:47');
INSERT INTO `media` (`id`, `media_type_id`, `user_id`, `body`, `filename`, `size`, `metadata`, `created_at`, `updated_at`) VALUES ('61', '1', '7', 'Itaque earum rerum dolorum sed. Omnis dignissimos expedita facere minus dolore eaque optio omnis. Ex soluta aut non est. Temporibus sit dolor velit cumque quia.', 'aut', 4, NULL, '2008-06-30 06:25:16', '1984-03-18 19:58:52');
INSERT INTO `media` (`id`, `media_type_id`, `user_id`, `body`, `filename`, `size`, `metadata`, `created_at`, `updated_at`) VALUES ('62', '2', '4', 'Porro necessitatibus sunt consequatur inventore. Rerum dolorem et ut itaque voluptatum. Sit animi in et non facilis ut alias.', 'voluptates', 70783185, NULL, '2007-01-10 01:08:14', '1988-08-08 04:30:58');
INSERT INTO `media` (`id`, `media_type_id`, `user_id`, `body`, `filename`, `size`, `metadata`, `created_at`, `updated_at`) VALUES ('63', '3', '4', 'Sed deleniti et consectetur mollitia temporibus enim veritatis. Impedit sed quibusdam est ea sed consequatur eos. Perspiciatis id aut sed consequatur eaque.', 'vel', 0, NULL, '1975-03-25 00:41:22', '1996-01-14 05:16:02');
INSERT INTO `media` (`id`, `media_type_id`, `user_id`, `body`, `filename`, `size`, `metadata`, `created_at`, `updated_at`) VALUES ('64', '4', '4', 'Alias error libero illum fugiat eos eaque animi. Sit quia voluptas dolores voluptatibus illum qui. Quos quod aut fugit eius. Non fugiat est perferendis expedita. Alias maiores molestiae provident iste reiciendis incidunt corporis.', 'vel', 66124, NULL, '2001-09-09 04:13:58', '2012-12-01 04:30:24');
INSERT INTO `media` (`id`, `media_type_id`, `user_id`, `body`, `filename`, `size`, `metadata`, `created_at`, `updated_at`) VALUES ('65', '1', '1', 'Odit voluptatem quibusdam sed est qui. Facilis deleniti asperiores earum modi esse neque. Voluptas quo corporis deleniti non tempore labore quidem quibusdam. Eum pariatur ipsam aut occaecati facilis sed.', 'harum', 73975, NULL, '1982-07-28 09:13:05', '2017-11-03 11:26:45');
INSERT INTO `media` (`id`, `media_type_id`, `user_id`, `body`, `filename`, `size`, `metadata`, `created_at`, `updated_at`) VALUES ('66', '2', '2', 'Rerum accusamus aut corporis vel nulla blanditiis voluptatem. Amet eos quibusdam et labore quisquam molestias odio. Quas delectus rerum dolores placeat consequatur.', 'et', 959, NULL, '1997-02-11 13:45:45', '2021-09-05 09:34:03');
INSERT INTO `media` (`id`, `media_type_id`, `user_id`, `body`, `filename`, `size`, `metadata`, `created_at`, `updated_at`) VALUES ('67', '3', '6', 'Ea qui totam ullam et perferendis dolorum. Quo rerum consequuntur cum ipsa modi nesciunt porro. Neque laboriosam reprehenderit quia.', 'sint', 886, NULL, '1975-05-06 03:52:29', '1994-01-24 16:27:03');
INSERT INTO `media` (`id`, `media_type_id`, `user_id`, `body`, `filename`, `size`, `metadata`, `created_at`, `updated_at`) VALUES ('68', '4', '10', 'Corrupti quidem consequatur iusto voluptas non. Voluptatem et eum accusantium earum ea odit nihil consequatur. At esse vero qui libero eum amet cum.', 'labore', 45227, NULL, '1977-06-03 11:55:25', '1990-12-01 06:11:28');
INSERT INTO `media` (`id`, `media_type_id`, `user_id`, `body`, `filename`, `size`, `metadata`, `created_at`, `updated_at`) VALUES ('69', '1', '10', 'Consequatur consequatur doloribus necessitatibus beatae sit ipsam. Id harum omnis sed ut eum.', 'suscipit', 0, NULL, '1989-07-30 22:29:10', '1983-10-19 19:01:40');
INSERT INTO `media` (`id`, `media_type_id`, `user_id`, `body`, `filename`, `size`, `metadata`, `created_at`, `updated_at`) VALUES ('70', '2', '11', 'Modi est reiciendis harum aut facere neque facere. Libero quibusdam quaerat et inventore ipsum. Cum dolorum aut aut labore deleniti. Quis fuga possimus fuga nemo blanditiis voluptatem voluptatibus rem.', 'deserunt', 584715, NULL, '1977-09-21 21:23:35', '2010-09-19 16:31:26');
INSERT INTO `media` (`id`, `media_type_id`, `user_id`, `body`, `filename`, `size`, `metadata`, `created_at`, `updated_at`) VALUES ('71', '3', '6', 'Dolores officia nihil officia ipsam sed. Ratione esse dolor dicta modi deleniti sit. Modi et unde labore eum harum.', 'est', 83, NULL, '1996-01-14 16:40:17', '1970-02-24 19:57:57');
INSERT INTO `media` (`id`, `media_type_id`, `user_id`, `body`, `filename`, `size`, `metadata`, `created_at`, `updated_at`) VALUES ('72', '4', '15', 'Inventore molestias sit dolorem. Rem vitae aut eaque eum soluta inventore deleniti.', 'tempora', 26669605, NULL, '2021-06-17 03:36:06', '1981-11-25 15:15:51');
INSERT INTO `media` (`id`, `media_type_id`, `user_id`, `body`, `filename`, `size`, `metadata`, `created_at`, `updated_at`) VALUES ('73', '1', '9', 'Eius labore aut labore est est consequatur recusandae. Et aut nihil iusto nihil molestiae et consequatur. Illo animi iste veritatis vero tempora.', 'eum', 2109988, NULL, '1987-02-21 00:56:06', '1980-09-14 22:24:39');
INSERT INTO `media` (`id`, `media_type_id`, `user_id`, `body`, `filename`, `size`, `metadata`, `created_at`, `updated_at`) VALUES ('74', '2', '15', 'Praesentium qui ea voluptate fuga. Assumenda et rerum sit magni. Tempore ea ipsam in et.', 'totam', 81310, NULL, '1983-10-02 17:29:54', '2009-04-06 11:56:31');
INSERT INTO `media` (`id`, `media_type_id`, `user_id`, `body`, `filename`, `size`, `metadata`, `created_at`, `updated_at`) VALUES ('75', '3', '3', 'Ut eos et quia dolor eius voluptatem blanditiis. Est omnis error adipisci. Consequuntur hic similique et dolores. Temporibus corporis harum consequuntur enim est minima.', 'et', 69072, NULL, '1978-12-02 05:17:51', '1981-05-16 00:37:58');
INSERT INTO `media` (`id`, `media_type_id`, `user_id`, `body`, `filename`, `size`, `metadata`, `created_at`, `updated_at`) VALUES ('76', '4', '3', 'In voluptatem nobis possimus molestiae. Culpa ea at iste. Molestiae qui perspiciatis sit qui aliquid nisi.', 'inventore', 7464, NULL, '1970-06-01 22:31:42', '1988-06-18 11:07:00');
INSERT INTO `media` (`id`, `media_type_id`, `user_id`, `body`, `filename`, `size`, `metadata`, `created_at`, `updated_at`) VALUES ('77', '1', '2', 'Quia aut dolorem sunt exercitationem voluptatibus vel eius quia. Doloremque aut hic dolor laudantium iure accusantium asperiores. Ea labore iure nostrum aperiam eveniet unde. Laboriosam sunt rerum placeat ipsa unde occaecati ea.', 'eaque', 94822, NULL, '1983-03-28 08:21:20', '1991-04-08 22:26:52');
INSERT INTO `media` (`id`, `media_type_id`, `user_id`, `body`, `filename`, `size`, `metadata`, `created_at`, `updated_at`) VALUES ('78', '2', '7', 'Sequi reiciendis eius ratione ipsum. Eligendi repellendus corrupti repellendus molestias. Iure qui suscipit quo excepturi illo. Alias est sint debitis dolorum aut voluptate.', 'impedit', 6742, NULL, '1995-10-08 03:15:10', '2000-02-24 04:33:14');
INSERT INTO `media` (`id`, `media_type_id`, `user_id`, `body`, `filename`, `size`, `metadata`, `created_at`, `updated_at`) VALUES ('79', '3', '8', 'Pariatur natus et sint consequatur sed accusantium consequatur. Velit aut fugiat nihil nam. Id et suscipit ratione inventore omnis odio. Error repellendus qui ipsam.', 'dolorem', 23550, NULL, '1978-10-12 20:59:22', '1979-05-28 00:56:27');
INSERT INTO `media` (`id`, `media_type_id`, `user_id`, `body`, `filename`, `size`, `metadata`, `created_at`, `updated_at`) VALUES ('80', '4', '1', 'Architecto odio velit pariatur perspiciatis ut voluptas. Est eum nihil dolorem qui non. Sed laboriosam consequatur repellendus quis iste. Ut recusandae ut ut neque assumenda voluptatem dolorem.', 'quos', 6460, NULL, '1998-10-27 16:35:24', '2006-05-10 02:32:53');
INSERT INTO `media` (`id`, `media_type_id`, `user_id`, `body`, `filename`, `size`, `metadata`, `created_at`, `updated_at`) VALUES ('81', '1', '8', 'Ipsam ex rerum saepe. Non nesciunt laboriosam corporis assumenda dolor quo adipisci. Quam esse repellendus sit libero quis. Ex adipisci cum repellat aut.', 'est', 865, NULL, '1990-10-09 11:18:24', '1994-06-14 01:26:50');
INSERT INTO `media` (`id`, `media_type_id`, `user_id`, `body`, `filename`, `size`, `metadata`, `created_at`, `updated_at`) VALUES ('82', '2', '8', 'Ratione ad nihil temporibus. A sunt nobis harum expedita illo voluptas. Autem esse explicabo sed iure assumenda. Soluta vitae esse et distinctio.', 'saepe', 19958, NULL, '1988-08-04 17:15:24', '1991-01-15 15:23:14');
INSERT INTO `media` (`id`, `media_type_id`, `user_id`, `body`, `filename`, `size`, `metadata`, `created_at`, `updated_at`) VALUES ('83', '3', '20', 'Optio ipsa magni qui molestias natus dolores id debitis. Quo debitis saepe amet ex. Ipsum voluptatem et error amet quod sit.', 'et', 925727, NULL, '1977-01-19 09:20:03', '2016-12-03 07:40:25');
INSERT INTO `media` (`id`, `media_type_id`, `user_id`, `body`, `filename`, `size`, `metadata`, `created_at`, `updated_at`) VALUES ('84', '4', '20', 'Aliquam nostrum praesentium quidem dolor. Alias accusamus ut minus et ut aspernatur quia dolorem. Cumque et corrupti cumque id id sunt numquam.', 'voluptatem', 414829, NULL, '2008-11-27 04:06:52', '1970-12-18 00:57:02');
INSERT INTO `media` (`id`, `media_type_id`, `user_id`, `body`, `filename`, `size`, `metadata`, `created_at`, `updated_at`) VALUES ('85', '1', '10', 'Dignissimos dolores at sit distinctio laudantium non non. Voluptate est ratione quisquam minus autem dolorem et. Aut dolor et nobis sunt est. Delectus rerum iure id eos placeat.', 'quae', 0, NULL, '1977-07-06 16:29:33', '2015-10-23 15:19:03');
INSERT INTO `media` (`id`, `media_type_id`, `user_id`, `body`, `filename`, `size`, `metadata`, `created_at`, `updated_at`) VALUES ('86', '2', '16', 'Voluptatem quae rerum minus totam omnis recusandae. Quia accusantium qui ea est vitae pariatur dignissimos. Praesentium voluptatem dolor porro.', 'praesentium', 6, NULL, '1996-06-22 08:16:41', '2021-01-05 09:58:30');
INSERT INTO `media` (`id`, `media_type_id`, `user_id`, `body`, `filename`, `size`, `metadata`, `created_at`, `updated_at`) VALUES ('87', '3', '4', 'Rem aliquid quo quia nulla aliquam. Cumque accusantium tenetur quisquam quod modi ut aperiam illo. Quis ut accusantium atque omnis labore a doloremque.', 'quibusdam', 0, NULL, '1982-12-09 13:39:04', '1989-08-24 22:27:13');
INSERT INTO `media` (`id`, `media_type_id`, `user_id`, `body`, `filename`, `size`, `metadata`, `created_at`, `updated_at`) VALUES ('88', '4', '5', 'Amet eligendi rerum rem omnis et aut animi et. Voluptas vero repudiandae voluptatibus cupiditate qui tenetur vel. In eum aut ex natus rerum quo et.', 'consectetur', 48, NULL, '1994-11-30 04:14:16', '1995-07-29 01:31:06');
INSERT INTO `media` (`id`, `media_type_id`, `user_id`, `body`, `filename`, `size`, `metadata`, `created_at`, `updated_at`) VALUES ('89', '1', '15', 'Sit ut a veniam pariatur et. Laboriosam id similique sit libero maxime a nam. Et libero ab quos voluptatem id rem. Incidunt adipisci voluptas nesciunt odit voluptates sit at.', 'rerum', 0, NULL, '1974-07-19 18:16:23', '1994-03-18 00:51:14');
INSERT INTO `media` (`id`, `media_type_id`, `user_id`, `body`, `filename`, `size`, `metadata`, `created_at`, `updated_at`) VALUES ('90', '2', '16', 'Itaque ipsa at quisquam earum. Nihil qui beatae non possimus optio dicta. Vel unde dolore autem beatae. Exercitationem est nam vero vel.', 'aliquam', 35601, NULL, '1990-07-26 10:16:08', '1988-07-27 19:03:36');
INSERT INTO `media` (`id`, `media_type_id`, `user_id`, `body`, `filename`, `size`, `metadata`, `created_at`, `updated_at`) VALUES ('91', '3', '5', 'Quae dolor consequuntur saepe nemo quam minus. Aut qui ut ea quae fugiat consequatur explicabo recusandae. Alias totam ullam fuga vel repudiandae aperiam quia. Non qui consequatur cupiditate asperiores blanditiis officia debitis. Autem natus tempora in minus.', 'voluptatem', 957277590, NULL, '2008-04-28 06:03:25', '1971-06-30 03:03:59');
INSERT INTO `media` (`id`, `media_type_id`, `user_id`, `body`, `filename`, `size`, `metadata`, `created_at`, `updated_at`) VALUES ('92', '4', '1', 'Doloremque qui pariatur eveniet eveniet modi optio et. Tempora quia ipsam et vel. Repellat explicabo accusamus ut temporibus. Aspernatur eveniet at nam soluta omnis et enim eum.', 'fugit', 8, NULL, '2011-12-30 03:42:03', '2010-04-18 03:51:44');
INSERT INTO `media` (`id`, `media_type_id`, `user_id`, `body`, `filename`, `size`, `metadata`, `created_at`, `updated_at`) VALUES ('93', '1', '19', 'Maiores eos dolorem consequatur cupiditate est cupiditate non non. Qui dolorem est iure et. Consectetur sapiente aut nihil. Repellendus odio nihil sequi expedita laborum voluptatibus.', 'optio', 97131, NULL, '2002-12-27 18:12:33', '1983-10-22 01:15:44');
INSERT INTO `media` (`id`, `media_type_id`, `user_id`, `body`, `filename`, `size`, `metadata`, `created_at`, `updated_at`) VALUES ('94', '2', '8', 'Facilis in eum ad mollitia odio dolorum. Qui sed aut et nihil molestiae. Voluptatem occaecati dolor sint et.', 'illo', 511210, NULL, '2009-05-06 17:57:57', '2008-10-28 07:41:11');
INSERT INTO `media` (`id`, `media_type_id`, `user_id`, `body`, `filename`, `size`, `metadata`, `created_at`, `updated_at`) VALUES ('95', '3', '5', 'Amet est illo officia in. Enim recusandae nulla sit odio quis doloribus. Molestiae voluptatem reprehenderit doloremque deleniti libero qui totam aut. Nesciunt architecto dolorum dolorem fuga.', 'laboriosam', 670782162, NULL, '1999-08-28 10:54:07', '1991-03-15 14:46:45');
INSERT INTO `media` (`id`, `media_type_id`, `user_id`, `body`, `filename`, `size`, `metadata`, `created_at`, `updated_at`) VALUES ('96', '4', '20', 'Quae dolorem molestiae sit eos et optio. Rerum quos nobis vel similique voluptas cum eligendi. Tempora aut dicta sapiente incidunt. Sit repudiandae a in perferendis ut sit sit non.', 'nihil', 401946902, NULL, '1997-02-15 16:26:49', '1994-11-14 23:37:12');
INSERT INTO `media` (`id`, `media_type_id`, `user_id`, `body`, `filename`, `size`, `metadata`, `created_at`, `updated_at`) VALUES ('97', '1', '10', 'Velit illum ut aut assumenda. Voluptatem officia veritatis quam quam.', 'quaerat', 246903517, NULL, '2013-02-22 14:04:32', '1985-02-10 21:39:28');
INSERT INTO `media` (`id`, `media_type_id`, `user_id`, `body`, `filename`, `size`, `metadata`, `created_at`, `updated_at`) VALUES ('98', '2', '11', 'Quo at ipsum accusantium. Nisi iure ad iste alias totam quidem. Nihil hic illum minus quidem.', 'labore', 56, NULL, '1977-08-17 23:53:38', '1981-11-25 00:41:24');
INSERT INTO `media` (`id`, `media_type_id`, `user_id`, `body`, `filename`, `size`, `metadata`, `created_at`, `updated_at`) VALUES ('99', '3', '9', 'Consequatur reprehenderit ipsum in eius. Mollitia voluptas dolor nostrum cupiditate quis et. Ut vel quis eum dolor rerum. Omnis cum at ipsam qui ab vel magnam. Nihil tempore nemo distinctio quo accusantium quos.', 'nisi', 250, NULL, '1998-06-11 00:32:48', '2015-02-04 22:09:44');
INSERT INTO `media` (`id`, `media_type_id`, `user_id`, `body`, `filename`, `size`, `metadata`, `created_at`, `updated_at`) VALUES ('100', '4', '19', 'Praesentium consectetur libero delectus at. Dolor placeat commodi omnis et nobis. Itaque modi aut ut consequatur quo vero.', 'ducimus', 1, NULL, '1990-02-21 17:01:02', '2006-09-03 13:32:01');


#
# TABLE STRUCTURE FOR: media_types
#

/*DROP TABLE IF EXISTS `media_types`;

CREATE TABLE `media_types` (
  `id` bigint(20) unsigned NOT NULL AUTO_INCREMENT,
  `name` varchar(255) COLLATE utf8mb4_unicode_ci DEFAULT NULL,
  `created_at` datetime DEFAULT current_timestamp(),
  `updated_at` datetime DEFAULT current_timestamp() ON UPDATE current_timestamp(),
  PRIMARY KEY (`id`)
) ENGINE=InnoDB AUTO_INCREMENT=5 DEFAULT CHARSET=utf8mb4 COLLATE=utf8mb4_unicode_ci;*/

INSERT INTO `media_types` (`id`, `name`, `created_at`, `updated_at`) VALUES ('1', 'itaque', '1999-08-19 01:55:36', '1971-04-21 12:43:10');
INSERT INTO `media_types` (`id`, `name`, `created_at`, `updated_at`) VALUES ('2', 'debitis', '1994-11-20 13:31:47', '2006-04-16 20:32:49');
INSERT INTO `media_types` (`id`, `name`, `created_at`, `updated_at`) VALUES ('3', 'unde', '2013-05-11 07:44:12', '1975-04-09 22:10:29');
INSERT INTO `media_types` (`id`, `name`, `created_at`, `updated_at`) VALUES ('4', 'velit', '2001-12-11 03:19:43', '1973-06-08 09:47:19');


#
# TABLE STRUCTURE FOR: messages
#


INSERT INTO `messages` (`id`, `from_user_id`, `to_user_id`, `body`, `created_at`) VALUES ('1', '1', '1', 'Rerum doloribus consequatur laborum ad saepe nesciunt. Facilis omnis et saepe. Exercitationem corrupti ut ab aut natus non dolorum. Asperiores aut qui blanditiis debitis.', '1978-06-06 23:39:22');
INSERT INTO `messages` (`id`, `from_user_id`, `to_user_id`, `body`, `created_at`) VALUES ('2', '2', '2', 'Quaerat rerum aspernatur occaecati possimus quia maiores maiores. Autem veniam culpa optio labore voluptatem. Saepe sapiente in in quaerat. Sint rerum dignissimos ut temporibus a enim.', '2008-10-21 00:58:29');
INSERT INTO `messages` (`id`, `from_user_id`, `to_user_id`, `body`, `created_at`) VALUES ('3', '3', '3', 'Voluptatem consequatur consectetur distinctio odit. Totam est nulla quidem voluptatibus sed. Recusandae eum et corrupti culpa molestiae. Odio excepturi delectus corrupti provident culpa quas ut. Alias praesentium quia architecto esse soluta sed aut voluptatibus.', '1975-02-22 01:26:39');
INSERT INTO `messages` (`id`, `from_user_id`, `to_user_id`, `body`, `created_at`) VALUES ('4', '4', '4', 'Minus blanditiis labore animi quas ipsam dolor dolor sed. Saepe aut eius autem dolor eum qui qui. At quia et et quibusdam omnis occaecati.', '1972-08-28 13:58:56');
INSERT INTO `messages` (`id`, `from_user_id`, `to_user_id`, `body`, `created_at`) VALUES ('5', '5', '5', 'Autem id ut numquam sunt. Eveniet quod et sed aspernatur dolores sit culpa. Dignissimos non aut maxime.', '1976-01-05 16:50:38');
INSERT INTO `messages` (`id`, `from_user_id`, `to_user_id`, `body`, `created_at`) VALUES ('6', '6', '6', 'Voluptas velit et officia nostrum sunt in earum accusamus. Hic praesentium et sed laborum. Mollitia et assumenda sapiente illo occaecati et. Quas quibusdam aperiam voluptas nobis.', '1993-05-28 01:44:43');
INSERT INTO `messages` (`id`, `from_user_id`, `to_user_id`, `body`, `created_at`) VALUES ('7', '7', '7', 'Rem suscipit velit repellendus vitae. Tempora quaerat maxime enim eum deserunt. Perspiciatis cupiditate fugit eveniet.', '1972-01-14 04:32:58');
INSERT INTO `messages` (`id`, `from_user_id`, `to_user_id`, `body`, `created_at`) VALUES ('8', '8', '8', 'Sed ullam dolorum qui esse sapiente. Molestiae et quia molestiae perspiciatis. Eaque officiis et quis officia dicta tempore adipisci. Perspiciatis nemo dignissimos et rem tenetur suscipit repellat.', '2017-08-07 07:03:09');
INSERT INTO `messages` (`id`, `from_user_id`, `to_user_id`, `body`, `created_at`) VALUES ('9', '9', '9', 'Dolorem et sint ut aperiam qui velit. Sed aspernatur ut aliquam suscipit non sed dolores. Consequatur sapiente consequatur sit saepe tenetur nostrum quam.', '2010-10-30 13:33:54');
INSERT INTO `messages` (`id`, `from_user_id`, `to_user_id`, `body`, `created_at`) VALUES ('10', '10', '10', 'Autem odio asperiores placeat distinctio in itaque et voluptatibus. Vel molestiae ipsum nobis sit corrupti. Omnis eos quidem rem quam rem consequatur enim. Tenetur ut nobis similique quia aut magni omnis.', '1984-03-04 11:31:09');
INSERT INTO `messages` (`id`, `from_user_id`, `to_user_id`, `body`, `created_at`) VALUES ('11', '11', '11', 'Sit sed voluptatum ut et quo qui. Nesciunt incidunt aut voluptas dignissimos ipsa. Omnis enim repellendus ut ut iste est. Atque cum et sequi odit.', '1991-01-07 04:48:56');
INSERT INTO `messages` (`id`, `from_user_id`, `to_user_id`, `body`, `created_at`) VALUES ('12', '12', '12', 'Sapiente quo itaque dignissimos nemo qui blanditiis. Reiciendis sit reprehenderit nulla. Et quis exercitationem alias vel consequatur. Dolorem deleniti ad natus voluptate.', '2004-05-28 12:49:04');
INSERT INTO `messages` (`id`, `from_user_id`, `to_user_id`, `body`, `created_at`) VALUES ('13', '13', '13', 'Aut consequuntur et nemo esse molestias quos commodi. Perferendis aut et excepturi cum qui. Voluptas quidem consequuntur omnis non veritatis.', '1971-02-01 22:50:02');
INSERT INTO `messages` (`id`, `from_user_id`, `to_user_id`, `body`, `created_at`) VALUES ('14', '14', '14', 'Illum accusamus quibusdam fuga sed. Voluptatem quo sed vitae architecto odio dicta.', '2012-03-21 06:10:00');
INSERT INTO `messages` (`id`, `from_user_id`, `to_user_id`, `body`, `created_at`) VALUES ('15', '15', '15', 'Adipisci itaque atque quia velit est. Consequatur repellendus ullam deserunt. Ex nemo cupiditate ea. Et perspiciatis consequatur ratione asperiores.', '1998-08-01 01:09:54');
INSERT INTO `messages` (`id`, `from_user_id`, `to_user_id`, `body`, `created_at`) VALUES ('16', '16', '16', 'Voluptas voluptas deleniti quis dolorum. Aliquid provident laboriosam voluptatem unde beatae quisquam. Quia autem velit nemo nobis ut minus.', '1993-10-28 02:14:20');
INSERT INTO `messages` (`id`, `from_user_id`, `to_user_id`, `body`, `created_at`) VALUES ('17', '17', '17', 'Aut officia enim consequatur veniam rerum voluptatem voluptatem. Quis ipsam consequuntur aut deleniti error aliquam. Deserunt pariatur magnam facilis occaecati.', '2013-11-20 05:19:23');
INSERT INTO `messages` (`id`, `from_user_id`, `to_user_id`, `body`, `created_at`) VALUES ('18', '18', '18', 'Assumenda et odio exercitationem quas accusamus similique id. Ab magnam reiciendis minima. Praesentium quisquam nihil aliquam ex vel tempora est. Omnis blanditiis quod corrupti. Officiis reiciendis commodi sint voluptatibus est iure voluptatibus.', '1980-12-28 10:04:08');
INSERT INTO `messages` (`id`, `from_user_id`, `to_user_id`, `body`, `created_at`) VALUES ('19', '19', '19', 'Ut sed itaque voluptatem nostrum cupiditate enim. Nihil voluptates sed in dolore explicabo ipsa. Earum optio nisi id sint rem.', '1992-03-08 22:02:55');
INSERT INTO `messages` (`id`, `from_user_id`, `to_user_id`, `body`, `created_at`) VALUES ('20', '20', '20', 'Ratione voluptatem facilis architecto qui dolores. Et optio quam fugiat architecto ut doloremque. Eveniet ipsa enim et corrupti eligendi est.', '1982-02-18 13:06:44');
INSERT INTO `messages` (`id`, `from_user_id`, `to_user_id`, `body`, `created_at`) VALUES ('21', '1', '1', 'Quidem molestiae non nostrum neque molestias sed. Aliquam incidunt veritatis nesciunt molestiae delectus commodi. Eveniet impedit dolorum saepe sed tempore. Fugit est eum voluptatem corrupti quo aperiam ab.', '2013-11-03 16:23:39');
INSERT INTO `messages` (`id`, `from_user_id`, `to_user_id`, `body`, `created_at`) VALUES ('22', '2', '2', 'Iure ipsum minus rem veniam deleniti eveniet perferendis. Veritatis cumque aliquam est quibusdam qui quo. Et illum ab ea alias. Dolores neque impedit labore quidem molestiae aut.', '2009-06-28 15:56:12');
INSERT INTO `messages` (`id`, `from_user_id`, `to_user_id`, `body`, `created_at`) VALUES ('23', '3', '3', 'Voluptate qui eveniet provident sint. Recusandae sit est doloribus esse est perspiciatis amet quis. Similique libero veritatis dolorem error.', '2019-06-08 07:34:58');
INSERT INTO `messages` (`id`, `from_user_id`, `to_user_id`, `body`, `created_at`) VALUES ('24', '4', '4', 'Voluptates quasi et et vero saepe et ratione. Repudiandae corporis dolorum aspernatur reprehenderit consequatur vero at. Aut consequuntur doloribus quos ratione quam tempore vitae. Perspiciatis laudantium voluptas et autem nisi et provident.', '1995-12-01 16:20:36');
INSERT INTO `messages` (`id`, `from_user_id`, `to_user_id`, `body`, `created_at`) VALUES ('25', '5', '5', 'Dolorum ea aut est libero. Voluptas quidem occaecati et corporis sunt. Perferendis vel voluptatem voluptates aut. Sunt omnis accusamus quaerat quis magni delectus sit.', '2002-09-14 16:16:44');
INSERT INTO `messages` (`id`, `from_user_id`, `to_user_id`, `body`, `created_at`) VALUES ('26', '6', '6', 'Tempore placeat eos a facilis quis. Explicabo aut consequatur aut doloribus a.', '2020-09-10 13:40:52');
INSERT INTO `messages` (`id`, `from_user_id`, `to_user_id`, `body`, `created_at`) VALUES ('27', '7', '7', 'Et repellendus ad et magnam et culpa nemo. Minima error ipsum cumque corporis at quas. Fuga nam reprehenderit sed accusantium esse. Est ipsum necessitatibus aperiam consequatur rerum.', '2013-04-11 06:07:04');
INSERT INTO `messages` (`id`, `from_user_id`, `to_user_id`, `body`, `created_at`) VALUES ('28', '8', '8', 'Odit est et perspiciatis nostrum reprehenderit reprehenderit. Dolore quidem pariatur eum enim doloribus repellat non. Consequatur maxime eum distinctio autem deserunt. Rerum enim qui corporis et voluptatem.', '2011-01-19 23:44:28');
INSERT INTO `messages` (`id`, `from_user_id`, `to_user_id`, `body`, `created_at`) VALUES ('29', '9', '9', 'Porro explicabo vel aliquid libero similique. Minima recusandae possimus consequatur id nemo illo ipsam. Reprehenderit laudantium aliquid qui expedita rerum.', '2007-06-09 22:08:44');
INSERT INTO `messages` (`id`, `from_user_id`, `to_user_id`, `body`, `created_at`) VALUES ('30', '10', '10', 'Vel omnis officia occaecati maxime ea. Expedita nisi pariatur deleniti ipsam. Excepturi tempora odio et tenetur.', '1990-01-14 03:22:10');
INSERT INTO `messages` (`id`, `from_user_id`, `to_user_id`, `body`, `created_at`) VALUES ('31', '11', '11', 'Eius ullam quia ratione sed magni debitis explicabo. Nihil eaque eum rerum ipsa ab et. Tenetur enim qui temporibus. Et quia dignissimos molestiae iure.', '1973-10-30 04:03:20');
INSERT INTO `messages` (`id`, `from_user_id`, `to_user_id`, `body`, `created_at`) VALUES ('32', '12', '12', 'Et sed suscipit vel recusandae quidem dolor ipsa inventore. Autem ea eos aspernatur totam vel et earum. Minima rerum dignissimos perspiciatis corrupti aut rerum qui. Dolor in et nesciunt.', '1976-01-24 19:54:52');
INSERT INTO `messages` (`id`, `from_user_id`, `to_user_id`, `body`, `created_at`) VALUES ('33', '13', '13', 'Ab et et officia. Vero quas vel eos ea ex odit porro. Consequatur temporibus ut velit maiores et ducimus et doloribus. Id molestias at at suscipit exercitationem consequuntur. Corporis nemo voluptas excepturi sunt ipsum.', '1983-01-20 15:18:24');
INSERT INTO `messages` (`id`, `from_user_id`, `to_user_id`, `body`, `created_at`) VALUES ('34', '14', '14', 'Amet magnam incidunt eum omnis molestias. Officia explicabo dolor et mollitia quos. Iste dolor nisi officia ab inventore ut asperiores.', '1994-03-13 08:55:08');
INSERT INTO `messages` (`id`, `from_user_id`, `to_user_id`, `body`, `created_at`) VALUES ('35', '15', '15', 'Dolores dicta esse qui. Dolor sunt dicta quisquam in cumque magnam aliquid. Ullam animi odio autem nesciunt. Quis eligendi nesciunt aliquam quo autem iste accusantium non.', '2009-04-12 21:09:08');
INSERT INTO `messages` (`id`, `from_user_id`, `to_user_id`, `body`, `created_at`) VALUES ('36', '16', '16', 'Laudantium et accusamus tempora provident itaque esse. Assumenda hic vero tenetur dolores natus itaque et est. Laborum non dolore voluptates rem omnis nihil. Voluptatibus dolore at qui eaque ut.', '1972-04-11 22:42:27');
INSERT INTO `messages` (`id`, `from_user_id`, `to_user_id`, `body`, `created_at`) VALUES ('37', '17', '17', 'Sed reprehenderit cumque pariatur enim expedita. Aut sit ullam commodi sint praesentium consequatur. Et ducimus perferendis omnis ducimus. Dolorem quia sint sunt nisi.', '2007-02-11 21:49:52');
INSERT INTO `messages` (`id`, `from_user_id`, `to_user_id`, `body`, `created_at`) VALUES ('38', '18', '18', 'Corporis necessitatibus nostrum qui labore rem velit rerum. Sint aspernatur minima quia veniam accusantium. Voluptas natus quo est voluptatem nihil.', '2004-05-12 18:52:27');
INSERT INTO `messages` (`id`, `from_user_id`, `to_user_id`, `body`, `created_at`) VALUES ('39', '19', '19', 'Quasi nostrum dolore vero maiores voluptatem. Ab consequatur qui iste quae eaque. Et quam facere et nisi quis. Ab consequatur omnis ducimus minus.', '2010-04-03 11:32:17');
INSERT INTO `messages` (`id`, `from_user_id`, `to_user_id`, `body`, `created_at`) VALUES ('40', '20', '20', 'Quis voluptas et nesciunt est. Dolor amet enim ex quo quam. Adipisci est placeat nulla.', '2000-01-11 00:12:32');
INSERT INTO `messages` (`id`, `from_user_id`, `to_user_id`, `body`, `created_at`) VALUES ('41', '1', '1', 'Accusantium quasi soluta ut ullam nesciunt quod. Accusamus facere aut nihil. Quo ipsa aut dolore voluptatem dolore consectetur. Dolores in dolore et. Illum cum in soluta beatae.', '2021-11-02 10:58:09');
INSERT INTO `messages` (`id`, `from_user_id`, `to_user_id`, `body`, `created_at`) VALUES ('42', '2', '2', 'Dolore et corporis similique aspernatur quis rem laborum. Iusto laborum deleniti ut et culpa impedit. Iusto eaque inventore optio recusandae. Natus fugiat eaque nobis eligendi autem.', '1987-11-09 04:49:48');
INSERT INTO `messages` (`id`, `from_user_id`, `to_user_id`, `body`, `created_at`) VALUES ('43', '3', '3', 'Iusto ea voluptates fugiat expedita alias. Unde voluptas odit consequuntur pariatur sint. Neque labore ad atque numquam exercitationem facere.', '2016-02-05 15:37:42');
INSERT INTO `messages` (`id`, `from_user_id`, `to_user_id`, `body`, `created_at`) VALUES ('44', '4', '4', 'Ut quo repellat ut praesentium sit maiores. Voluptatem magnam natus qui aut doloremque eum.', '1984-06-02 21:10:35');
INSERT INTO `messages` (`id`, `from_user_id`, `to_user_id`, `body`, `created_at`) VALUES ('45', '5', '5', 'Reiciendis fugiat ipsa vero exercitationem ipsa in. Fugiat dolorem unde ea ea aut qui. Ea iure culpa dicta labore voluptas unde. Vel maiores quo distinctio.', '1995-12-11 23:58:49');
INSERT INTO `messages` (`id`, `from_user_id`, `to_user_id`, `body`, `created_at`) VALUES ('46', '6', '6', 'Sint et laboriosam mollitia sed et occaecati officia. Natus ipsum ipsam blanditiis nostrum exercitationem. Adipisci dicta et consectetur maiores adipisci eos. Error asperiores velit deserunt quos quia quisquam velit.', '1990-09-15 15:27:31');
INSERT INTO `messages` (`id`, `from_user_id`, `to_user_id`, `body`, `created_at`) VALUES ('47', '7', '7', 'Voluptas distinctio veniam minus. Modi quis consectetur sed sit.', '1997-08-10 14:09:38');
INSERT INTO `messages` (`id`, `from_user_id`, `to_user_id`, `body`, `created_at`) VALUES ('48', '8', '8', 'Voluptatem laboriosam atque vel temporibus velit possimus. Doloribus necessitatibus quibusdam nihil qui. Blanditiis qui similique repellendus unde ut iure. Dolore qui perspiciatis placeat minima sint.', '1998-01-25 14:57:21');
INSERT INTO `messages` (`id`, `from_user_id`, `to_user_id`, `body`, `created_at`) VALUES ('49', '9', '9', 'Voluptatem et a ad qui odio. Fugiat asperiores ea inventore itaque rerum ab. Hic praesentium nesciunt quae adipisci. Possimus earum consequuntur quo impedit sequi et consequatur itaque.', '1986-12-07 01:02:03');
INSERT INTO `messages` (`id`, `from_user_id`, `to_user_id`, `body`, `created_at`) VALUES ('50', '10', '10', 'Hic quod debitis illo provident. Aut culpa voluptatibus itaque non eum nemo sunt. Culpa qui quia consequatur expedita illum sunt. Rerum occaecati sit qui et dolores.', '1996-04-28 20:48:34');
INSERT INTO `messages` (`id`, `from_user_id`, `to_user_id`, `body`, `created_at`) VALUES ('51', '11', '11', 'Eaque et repudiandae necessitatibus possimus et. Voluptatibus quo porro tenetur repellat. Officiis deleniti atque cum fugit incidunt. Quidem et est dolore asperiores qui eveniet.', '2004-01-29 16:36:34');
INSERT INTO `messages` (`id`, `from_user_id`, `to_user_id`, `body`, `created_at`) VALUES ('52', '12', '12', 'Dolor sequi odio et ratione. Unde sunt corporis ad suscipit voluptas molestias. Animi et rem eaque ut libero fugit pariatur. Aspernatur sunt sunt deleniti dolore sapiente et.', '1980-01-22 01:30:12');
INSERT INTO `messages` (`id`, `from_user_id`, `to_user_id`, `body`, `created_at`) VALUES ('53', '13', '13', 'Dicta ipsam consequatur mollitia. Consequuntur expedita assumenda placeat magni sint. Quisquam nihil fuga sed unde laudantium. Dolores ea qui perferendis mollitia perspiciatis ut porro in.', '1970-09-26 01:34:56');
INSERT INTO `messages` (`id`, `from_user_id`, `to_user_id`, `body`, `created_at`) VALUES ('54', '14', '14', 'Omnis eligendi magnam qui quidem similique magni. Et corporis molestiae minima ea quia. Et et corrupti fugit sunt.', '1978-04-25 13:23:33');
INSERT INTO `messages` (`id`, `from_user_id`, `to_user_id`, `body`, `created_at`) VALUES ('55', '15', '15', 'Incidunt tenetur earum et harum expedita commodi qui. Aut occaecati recusandae dolorum dolore et illum. Repellendus aut quam recusandae dolore. Id eligendi laudantium maxime odio.', '2019-10-20 20:59:20');
INSERT INTO `messages` (`id`, `from_user_id`, `to_user_id`, `body`, `created_at`) VALUES ('56', '16', '16', 'Vel eum et tenetur et eum sit maiores sed. Corporis at voluptas quo ipsa voluptate explicabo sapiente. Quis eos ex quo non quia.', '2014-10-11 06:23:49');
INSERT INTO `messages` (`id`, `from_user_id`, `to_user_id`, `body`, `created_at`) VALUES ('57', '17', '17', 'Reiciendis aut non molestiae ut nisi. Ut qui quibusdam qui repudiandae. Animi placeat molestiae omnis suscipit dolorem. Consequatur dolor illum non nostrum cupiditate et. At in laboriosam beatae voluptate.', '1980-03-11 19:11:38');
INSERT INTO `messages` (`id`, `from_user_id`, `to_user_id`, `body`, `created_at`) VALUES ('58', '18', '18', 'Tempore cumque voluptate provident veniam incidunt qui accusantium. Nostrum quasi debitis et similique fugit. Id non in officiis saepe enim maiores delectus.', '2007-06-29 14:24:40');
INSERT INTO `messages` (`id`, `from_user_id`, `to_user_id`, `body`, `created_at`) VALUES ('59', '19', '19', 'Ex et atque sed quia. Quibusdam rerum voluptas id consequatur aut. Est neque ullam cumque provident veniam quibusdam soluta.', '2017-06-27 10:51:28');
INSERT INTO `messages` (`id`, `from_user_id`, `to_user_id`, `body`, `created_at`) VALUES ('60', '20', '20', 'Aliquid possimus aut explicabo saepe ipsa vitae tempora. Error neque temporibus tempore qui ipsam vitae delectus. Sed voluptatem itaque voluptatem. Totam nihil facilis maxime ipsum dolor.', '2009-03-01 23:09:23');
INSERT INTO `messages` (`id`, `from_user_id`, `to_user_id`, `body`, `created_at`) VALUES ('61', '1', '1', 'Officia tempora qui voluptatem et ut ut et. Et explicabo in voluptas. Neque aut praesentium est dolor aut sit est iure. Et dolor consectetur enim officia.', '2002-10-15 01:33:26');
INSERT INTO `messages` (`id`, `from_user_id`, `to_user_id`, `body`, `created_at`) VALUES ('62', '2', '2', 'Ex molestiae exercitationem tempore praesentium deleniti tempore. At consectetur ut non natus in nobis. Cupiditate ad est adipisci laudantium nulla et. Officiis deserunt blanditiis at accusamus.', '2009-02-12 06:06:11');
INSERT INTO `messages` (`id`, `from_user_id`, `to_user_id`, `body`, `created_at`) VALUES ('63', '3', '3', 'Cumque porro eos quibusdam consequatur voluptatem sit saepe. Occaecati nulla aperiam facilis facilis nisi accusantium ut. Est consectetur at dolor facilis impedit est sint. Libero ut quidem soluta vero.', '2018-01-29 02:21:28');
INSERT INTO `messages` (`id`, `from_user_id`, `to_user_id`, `body`, `created_at`) VALUES ('64', '4', '4', 'Numquam eum delectus nesciunt est eveniet sunt. Et quia numquam quam cupiditate et quae vel. Quasi dolorum sint nesciunt error rerum.', '1972-10-31 23:55:08');
INSERT INTO `messages` (`id`, `from_user_id`, `to_user_id`, `body`, `created_at`) VALUES ('65', '5', '5', 'Suscipit unde molestiae et asperiores consequatur. Aliquam perspiciatis molestiae esse est explicabo fugit quos. Error omnis minima labore ea et deserunt atque quisquam. Explicabo animi inventore eius suscipit qui.', '1989-12-08 16:44:27');
INSERT INTO `messages` (`id`, `from_user_id`, `to_user_id`, `body`, `created_at`) VALUES ('66', '6', '6', 'Id nihil placeat qui accusantium. Et animi vel et repellendus reprehenderit dolores vel. Distinctio possimus laboriosam aut rerum accusamus nobis vero.', '1989-09-24 00:36:13');
INSERT INTO `messages` (`id`, `from_user_id`, `to_user_id`, `body`, `created_at`) VALUES ('67', '7', '7', 'Nulla possimus aspernatur cum facilis natus est et. Nihil molestiae hic dolor sapiente rem rerum. Molestiae voluptate aut id id et. Asperiores magnam minima quia nisi alias voluptatem aut.', '1982-03-13 05:45:46');
INSERT INTO `messages` (`id`, `from_user_id`, `to_user_id`, `body`, `created_at`) VALUES ('68', '8', '8', 'Fugit tempore vitae est ad nihil. At est quam illo ratione. Minima illo voluptas eligendi dolorum ut officia veritatis. Quo ea suscipit mollitia ad itaque error. Amet et culpa sunt corrupti.', '1971-10-23 05:59:18');
INSERT INTO `messages` (`id`, `from_user_id`, `to_user_id`, `body`, `created_at`) VALUES ('69', '9', '9', 'At quam ex sed facere aliquid ratione eius. Tempora quaerat et qui quisquam laboriosam. Distinctio ipsum velit et unde quos qui quos. Et fugiat quisquam perspiciatis repudiandae rerum occaecati aperiam quidem.', '2012-01-05 14:29:36');
INSERT INTO `messages` (`id`, `from_user_id`, `to_user_id`, `body`, `created_at`) VALUES ('70', '10', '10', 'Odit consequatur voluptatem voluptate odio sit vel eveniet. Omnis rem tenetur vero tenetur quae ex. Tenetur provident culpa et omnis est aut qui eaque. Doloribus enim voluptatem dolorum voluptatibus.', '2000-02-20 08:21:34');
INSERT INTO `messages` (`id`, `from_user_id`, `to_user_id`, `body`, `created_at`) VALUES ('71', '11', '11', 'Quibusdam repellat vel beatae earum. Ab sed magnam unde. At temporibus ab doloribus consequatur. Tenetur exercitationem in id.', '2007-08-01 06:30:20');
INSERT INTO `messages` (`id`, `from_user_id`, `to_user_id`, `body`, `created_at`) VALUES ('72', '12', '12', 'Maiores itaque et tenetur itaque hic veritatis voluptatem. Vel debitis aut quaerat ut officia.', '1991-05-28 13:53:16');
INSERT INTO `messages` (`id`, `from_user_id`, `to_user_id`, `body`, `created_at`) VALUES ('73', '13', '13', 'Vel repellat iusto provident et eum. Quo quasi nemo dicta laudantium ratione voluptatem. A perspiciatis error repudiandae amet reiciendis sapiente cum deserunt. Ex est optio beatae inventore est inventore sed.', '2011-12-13 22:27:11');
INSERT INTO `messages` (`id`, `from_user_id`, `to_user_id`, `body`, `created_at`) VALUES ('74', '14', '14', 'Eius facere sequi debitis minus quis. Provident occaecati facere optio sit perferendis eaque eos.', '2017-07-31 16:11:04');
INSERT INTO `messages` (`id`, `from_user_id`, `to_user_id`, `body`, `created_at`) VALUES ('75', '15', '15', 'Eveniet molestias voluptas est est. Earum ratione cupiditate laudantium et rerum doloribus qui.', '2007-05-06 11:12:05');
INSERT INTO `messages` (`id`, `from_user_id`, `to_user_id`, `body`, `created_at`) VALUES ('76', '16', '16', 'Occaecati inventore exercitationem dolorem odit architecto est minima. Facilis et amet non reprehenderit vel earum. Totam aut facere corrupti quia rerum vel. Vel molestias qui aut commodi dolorem.', '2021-11-16 11:19:23');
INSERT INTO `messages` (`id`, `from_user_id`, `to_user_id`, `body`, `created_at`) VALUES ('77', '17', '17', 'Deleniti ab ratione dolore dicta error quia at. Incidunt odit omnis quaerat aspernatur. Perferendis nesciunt quasi enim quia pariatur.', '1977-08-15 05:25:10');
INSERT INTO `messages` (`id`, `from_user_id`, `to_user_id`, `body`, `created_at`) VALUES ('78', '18', '18', 'At nam eaque impedit ullam saepe porro. Debitis quo voluptate voluptas dolorum veritatis aut odit harum. Sapiente nobis facere omnis hic atque omnis iusto. Corporis facere sed ipsa voluptatum.', '1991-03-17 20:09:39');
INSERT INTO `messages` (`id`, `from_user_id`, `to_user_id`, `body`, `created_at`) VALUES ('79', '19', '19', 'In ipsa reiciendis quo vel minima. Occaecati velit esse ipsam. Voluptate corporis aspernatur molestiae velit placeat ut non. Et autem nihil harum magni id fugiat eveniet.', '1989-09-16 06:32:09');
INSERT INTO `messages` (`id`, `from_user_id`, `to_user_id`, `body`, `created_at`) VALUES ('80', '20', '20', 'Nobis aspernatur earum accusamus eos et asperiores non. Nobis enim tempore deserunt vel rerum ipsum at. Qui voluptas consectetur eligendi eligendi dolorem. Iure temporibus quasi enim voluptatem assumenda ut quisquam.', '1977-04-24 08:32:28');
INSERT INTO `messages` (`id`, `from_user_id`, `to_user_id`, `body`, `created_at`) VALUES ('81', '1', '1', 'Sed consequuntur placeat optio laborum. Totam iste rerum quaerat aperiam id officiis. Ex debitis id explicabo dolore eius.', '2012-02-24 04:40:37');
INSERT INTO `messages` (`id`, `from_user_id`, `to_user_id`, `body`, `created_at`) VALUES ('82', '2', '2', 'Nihil sapiente temporibus velit autem nobis cumque officia. Saepe sapiente excepturi aut ut. Accusantium soluta eaque quis et labore. Placeat consequatur quos accusantium sit cumque eligendi.', '1994-04-08 06:52:41');
INSERT INTO `messages` (`id`, `from_user_id`, `to_user_id`, `body`, `created_at`) VALUES ('83', '3', '3', 'Molestiae itaque praesentium ut architecto quis quis. Est fugit dolorem reiciendis et consectetur. Eius blanditiis enim quisquam amet occaecati et.', '2016-05-18 18:23:13');
INSERT INTO `messages` (`id`, `from_user_id`, `to_user_id`, `body`, `created_at`) VALUES ('84', '4', '4', 'Itaque nesciunt eligendi nesciunt. Ut quas saepe dolor fugit et. Fugit sit voluptas et deleniti.', '1973-08-13 12:34:20');
INSERT INTO `messages` (`id`, `from_user_id`, `to_user_id`, `body`, `created_at`) VALUES ('85', '5', '5', 'Nostrum sed repellat porro. Rerum ipsum unde eos eveniet tempora sit animi aperiam. Quos reiciendis voluptate et.', '1975-08-25 04:50:16');
INSERT INTO `messages` (`id`, `from_user_id`, `to_user_id`, `body`, `created_at`) VALUES ('86', '6', '6', 'Exercitationem nesciunt aperiam illum assumenda modi hic. Ad dolorem et corrupti perspiciatis tempora molestiae iusto.', '1994-03-17 11:30:12');
INSERT INTO `messages` (`id`, `from_user_id`, `to_user_id`, `body`, `created_at`) VALUES ('87', '7', '7', 'Ut odio excepturi nemo aut. Ea dolorem sint nulla qui quod. Et accusamus aperiam aliquid et quasi quia ratione quo.', '1974-08-19 14:14:54');
INSERT INTO `messages` (`id`, `from_user_id`, `to_user_id`, `body`, `created_at`) VALUES ('88', '8', '8', 'Placeat cupiditate quaerat nobis ut impedit accusantium corporis. Quo velit in rem magni odio minima laborum. Odit recusandae enim quia quo amet aut.', '2022-06-10 21:57:33');
INSERT INTO `messages` (`id`, `from_user_id`, `to_user_id`, `body`, `created_at`) VALUES ('89', '9', '9', 'Neque nesciunt id aliquid eligendi. Error vel occaecati eos non. Cupiditate voluptatum et voluptate ex.', '1994-03-15 12:34:53');
INSERT INTO `messages` (`id`, `from_user_id`, `to_user_id`, `body`, `created_at`) VALUES ('90', '10', '10', 'Veniam laboriosam ratione sed voluptas ea. Non et ut exercitationem molestiae minima fugiat est. Minima similique nobis non consequatur et.', '1990-11-23 01:35:24');
INSERT INTO `messages` (`id`, `from_user_id`, `to_user_id`, `body`, `created_at`) VALUES ('91', '11', '11', 'Quos pariatur harum reprehenderit a ipsa magni. Necessitatibus voluptatum impedit praesentium voluptas voluptatibus pariatur exercitationem. Quas eum adipisci et aliquid assumenda totam voluptatem.', '1980-05-09 13:01:18');
INSERT INTO `messages` (`id`, `from_user_id`, `to_user_id`, `body`, `created_at`) VALUES ('92', '12', '12', 'Et reiciendis voluptatibus vero veritatis blanditiis sed velit quae. Voluptate et animi iste rerum unde sunt. Corporis ipsa dolorem ad. Repellendus sunt labore ex eaque quae nihil. Ut hic quas veritatis exercitationem repellat illo.', '1983-04-07 09:03:03');
INSERT INTO `messages` (`id`, `from_user_id`, `to_user_id`, `body`, `created_at`) VALUES ('93', '13', '13', 'Quibusdam fugiat consequatur et. Esse ut molestias neque quisquam. Veritatis eos harum occaecati vel quisquam. Omnis animi enim enim eius facere qui ut.', '2005-01-25 05:49:00');
INSERT INTO `messages` (`id`, `from_user_id`, `to_user_id`, `body`, `created_at`) VALUES ('94', '14', '14', 'Aliquid aut accusantium et quam cumque porro voluptatem voluptatem. Eum facilis asperiores maiores sunt suscipit ipsam. Facere earum aspernatur culpa excepturi et. Omnis fugiat quis delectus non.', '1972-09-14 07:09:45');
INSERT INTO `messages` (`id`, `from_user_id`, `to_user_id`, `body`, `created_at`) VALUES ('95', '15', '15', 'Aut at ut necessitatibus sunt dolor. Sed hic non non numquam aut quisquam. Dolorem ut velit voluptatem eum ea. Sunt ducimus minus reprehenderit eos.', '1998-10-11 13:52:28');
INSERT INTO `messages` (`id`, `from_user_id`, `to_user_id`, `body`, `created_at`) VALUES ('96', '16', '16', 'Qui autem atque possimus esse totam. Rerum aliquid suscipit nostrum maiores sapiente dolore sapiente ratione. Occaecati quaerat eos quo deserunt. Quod corrupti doloribus iusto et dolores. Ea molestiae officia voluptatem voluptatem recusandae omnis.', '2007-10-24 03:56:47');
INSERT INTO `messages` (`id`, `from_user_id`, `to_user_id`, `body`, `created_at`) VALUES ('97', '17', '17', 'Quasi quas sunt quia omnis. Iusto explicabo voluptatem maxime quod quia voluptas est. Necessitatibus sed eveniet quo. Dolorem ut ut dolor odio iusto ut dignissimos.', '1970-08-19 12:00:11');
INSERT INTO `messages` (`id`, `from_user_id`, `to_user_id`, `body`, `created_at`) VALUES ('98', '18', '18', 'Aut nobis et et dolor quis. Unde ullam sunt quo in quibusdam. Error magnam maiores doloribus sed soluta quia.', '1990-12-14 21:25:57');
INSERT INTO `messages` (`id`, `from_user_id`, `to_user_id`, `body`, `created_at`) VALUES ('99', '19', '19', 'Ea consequatur eligendi fuga dolorem quaerat nisi sit. Et qui ex autem dolor. Qui architecto sapiente et accusamus suscipit reiciendis sunt. Et hic vel molestiae reiciendis exercitationem repellat ea.', '1979-06-19 08:01:01');
INSERT INTO `messages` (`id`, `from_user_id`, `to_user_id`, `body`, `created_at`) VALUES ('100', '20', '20', 'Iure officia voluptatem totam accusantium dolore voluptatibus. Nihil alias atque id dolorem. Impedit eum ut quasi quis. Aspernatur tenetur est deleniti consequuntur.', '2000-02-18 10:58:21');


#
# TABLE STRUCTURE FOR: photo_albums
#



INSERT INTO `photo_albums` (`id`, `name`, `user_id`) VALUES ('1', 'dolore', '1');
INSERT INTO `photo_albums` (`id`, `name`, `user_id`) VALUES ('2', 'ipsa', '2');
INSERT INTO `photo_albums` (`id`, `name`, `user_id`) VALUES ('3', 'non', '3');
INSERT INTO `photo_albums` (`id`, `name`, `user_id`) VALUES ('4', 'eos', '4');
INSERT INTO `photo_albums` (`id`, `name`, `user_id`) VALUES ('5', 'facilis', '5');
INSERT INTO `photo_albums` (`id`, `name`, `user_id`) VALUES ('6', 'cumque', '6');
INSERT INTO `photo_albums` (`id`, `name`, `user_id`) VALUES ('7', 'eligendi', '7');
INSERT INTO `photo_albums` (`id`, `name`, `user_id`) VALUES ('8', 'ut', '8');
INSERT INTO `photo_albums` (`id`, `name`, `user_id`) VALUES ('9', 'voluptas', '9');
INSERT INTO `photo_albums` (`id`, `name`, `user_id`) VALUES ('10', 'omnis', '10');
INSERT INTO `photo_albums` (`id`, `name`, `user_id`) VALUES ('11', 'officiis', '11');
INSERT INTO `photo_albums` (`id`, `name`, `user_id`) VALUES ('12', 'eligendi', '12');
INSERT INTO `photo_albums` (`id`, `name`, `user_id`) VALUES ('13', 'veniam', '13');
INSERT INTO `photo_albums` (`id`, `name`, `user_id`) VALUES ('14', 'consectetur', '14');
INSERT INTO `photo_albums` (`id`, `name`, `user_id`) VALUES ('15', 'mollitia', '15');
INSERT INTO `photo_albums` (`id`, `name`, `user_id`) VALUES ('16', 'cumque', '16');
INSERT INTO `photo_albums` (`id`, `name`, `user_id`) VALUES ('17', 'voluptates', '17');
INSERT INTO `photo_albums` (`id`, `name`, `user_id`) VALUES ('18', 'in', '18');
INSERT INTO `photo_albums` (`id`, `name`, `user_id`) VALUES ('19', 'expedita', '19');
INSERT INTO `photo_albums` (`id`, `name`, `user_id`) VALUES ('20', 'voluptas', '20');


#
# TABLE STRUCTURE FOR: photos
#


INSERT INTO `photos` (`id`, `album_id`, `media_id`) VALUES ('1', '1', '1');
INSERT INTO `photos` (`id`, `album_id`, `media_id`) VALUES ('2', '2', '2');
INSERT INTO `photos` (`id`, `album_id`, `media_id`) VALUES ('3', '3', '3');
INSERT INTO `photos` (`id`, `album_id`, `media_id`) VALUES ('4', '4', '4');
INSERT INTO `photos` (`id`, `album_id`, `media_id`) VALUES ('5', '5', '5');
INSERT INTO `photos` (`id`, `album_id`, `media_id`) VALUES ('6', '6', '6');
INSERT INTO `photos` (`id`, `album_id`, `media_id`) VALUES ('7', '7', '7');
INSERT INTO `photos` (`id`, `album_id`, `media_id`) VALUES ('8', '8', '8');
INSERT INTO `photos` (`id`, `album_id`, `media_id`) VALUES ('9', '9', '9');
INSERT INTO `photos` (`id`, `album_id`, `media_id`) VALUES ('10', '10', '10');
INSERT INTO `photos` (`id`, `album_id`, `media_id`) VALUES ('11', '11', '11');
INSERT INTO `photos` (`id`, `album_id`, `media_id`) VALUES ('12', '12', '12');
INSERT INTO `photos` (`id`, `album_id`, `media_id`) VALUES ('13', '13', '13');
INSERT INTO `photos` (`id`, `album_id`, `media_id`) VALUES ('14', '14', '14');
INSERT INTO `photos` (`id`, `album_id`, `media_id`) VALUES ('15', '15', '15');
INSERT INTO `photos` (`id`, `album_id`, `media_id`) VALUES ('16', '16', '16');
INSERT INTO `photos` (`id`, `album_id`, `media_id`) VALUES ('17', '17', '17');
INSERT INTO `photos` (`id`, `album_id`, `media_id`) VALUES ('18', '18', '18');
INSERT INTO `photos` (`id`, `album_id`, `media_id`) VALUES ('19', '19', '19');
INSERT INTO `photos` (`id`, `album_id`, `media_id`) VALUES ('20', '20', '20');
INSERT INTO `photos` (`id`, `album_id`, `media_id`) VALUES ('21', '1', '21');
INSERT INTO `photos` (`id`, `album_id`, `media_id`) VALUES ('22', '2', '22');
INSERT INTO `photos` (`id`, `album_id`, `media_id`) VALUES ('23', '3', '23');
INSERT INTO `photos` (`id`, `album_id`, `media_id`) VALUES ('24', '4', '24');
INSERT INTO `photos` (`id`, `album_id`, `media_id`) VALUES ('25', '5', '25');
INSERT INTO `photos` (`id`, `album_id`, `media_id`) VALUES ('26', '6', '26');
INSERT INTO `photos` (`id`, `album_id`, `media_id`) VALUES ('27', '7', '27');
INSERT INTO `photos` (`id`, `album_id`, `media_id`) VALUES ('28', '8', '28');
INSERT INTO `photos` (`id`, `album_id`, `media_id`) VALUES ('29', '9', '29');
INSERT INTO `photos` (`id`, `album_id`, `media_id`) VALUES ('30', '10', '30');
INSERT INTO `photos` (`id`, `album_id`, `media_id`) VALUES ('31', '11', '31');
INSERT INTO `photos` (`id`, `album_id`, `media_id`) VALUES ('32', '12', '32');
INSERT INTO `photos` (`id`, `album_id`, `media_id`) VALUES ('33', '13', '33');
INSERT INTO `photos` (`id`, `album_id`, `media_id`) VALUES ('34', '14', '34');
INSERT INTO `photos` (`id`, `album_id`, `media_id`) VALUES ('35', '15', '35');
INSERT INTO `photos` (`id`, `album_id`, `media_id`) VALUES ('36', '16', '36');
INSERT INTO `photos` (`id`, `album_id`, `media_id`) VALUES ('37', '17', '37');
INSERT INTO `photos` (`id`, `album_id`, `media_id`) VALUES ('38', '18', '38');
INSERT INTO `photos` (`id`, `album_id`, `media_id`) VALUES ('39', '19', '39');
INSERT INTO `photos` (`id`, `album_id`, `media_id`) VALUES ('40', '20', '40');
INSERT INTO `photos` (`id`, `album_id`, `media_id`) VALUES ('41', '1', '41');
INSERT INTO `photos` (`id`, `album_id`, `media_id`) VALUES ('42', '2', '42');
INSERT INTO `photos` (`id`, `album_id`, `media_id`) VALUES ('43', '3', '43');
INSERT INTO `photos` (`id`, `album_id`, `media_id`) VALUES ('44', '4', '44');
INSERT INTO `photos` (`id`, `album_id`, `media_id`) VALUES ('45', '5', '45');
INSERT INTO `photos` (`id`, `album_id`, `media_id`) VALUES ('46', '6', '46');
INSERT INTO `photos` (`id`, `album_id`, `media_id`) VALUES ('47', '7', '47');
INSERT INTO `photos` (`id`, `album_id`, `media_id`) VALUES ('48', '8', '48');
INSERT INTO `photos` (`id`, `album_id`, `media_id`) VALUES ('49', '9', '49');
INSERT INTO `photos` (`id`, `album_id`, `media_id`) VALUES ('50', '10', '50');
INSERT INTO `photos` (`id`, `album_id`, `media_id`) VALUES ('51', '11', '51');
INSERT INTO `photos` (`id`, `album_id`, `media_id`) VALUES ('52', '12', '52');
INSERT INTO `photos` (`id`, `album_id`, `media_id`) VALUES ('53', '13', '53');
INSERT INTO `photos` (`id`, `album_id`, `media_id`) VALUES ('54', '14', '54');
INSERT INTO `photos` (`id`, `album_id`, `media_id`) VALUES ('55', '15', '55');
INSERT INTO `photos` (`id`, `album_id`, `media_id`) VALUES ('56', '16', '56');
INSERT INTO `photos` (`id`, `album_id`, `media_id`) VALUES ('57', '17', '57');
INSERT INTO `photos` (`id`, `album_id`, `media_id`) VALUES ('58', '18', '58');
INSERT INTO `photos` (`id`, `album_id`, `media_id`) VALUES ('59', '19', '59');
INSERT INTO `photos` (`id`, `album_id`, `media_id`) VALUES ('60', '20', '60');
INSERT INTO `photos` (`id`, `album_id`, `media_id`) VALUES ('61', '1', '61');
INSERT INTO `photos` (`id`, `album_id`, `media_id`) VALUES ('62', '2', '62');
INSERT INTO `photos` (`id`, `album_id`, `media_id`) VALUES ('63', '3', '63');
INSERT INTO `photos` (`id`, `album_id`, `media_id`) VALUES ('64', '4', '64');
INSERT INTO `photos` (`id`, `album_id`, `media_id`) VALUES ('65', '5', '65');
INSERT INTO `photos` (`id`, `album_id`, `media_id`) VALUES ('66', '6', '66');
INSERT INTO `photos` (`id`, `album_id`, `media_id`) VALUES ('67', '7', '67');
INSERT INTO `photos` (`id`, `album_id`, `media_id`) VALUES ('68', '8', '68');
INSERT INTO `photos` (`id`, `album_id`, `media_id`) VALUES ('69', '9', '69');
INSERT INTO `photos` (`id`, `album_id`, `media_id`) VALUES ('70', '10', '70');
INSERT INTO `photos` (`id`, `album_id`, `media_id`) VALUES ('71', '11', '71');
INSERT INTO `photos` (`id`, `album_id`, `media_id`) VALUES ('72', '12', '72');
INSERT INTO `photos` (`id`, `album_id`, `media_id`) VALUES ('73', '13', '73');
INSERT INTO `photos` (`id`, `album_id`, `media_id`) VALUES ('74', '14', '74');
INSERT INTO `photos` (`id`, `album_id`, `media_id`) VALUES ('75', '15', '75');
INSERT INTO `photos` (`id`, `album_id`, `media_id`) VALUES ('76', '16', '76');
INSERT INTO `photos` (`id`, `album_id`, `media_id`) VALUES ('77', '17', '77');
INSERT INTO `photos` (`id`, `album_id`, `media_id`) VALUES ('78', '18', '78');
INSERT INTO `photos` (`id`, `album_id`, `media_id`) VALUES ('79', '19', '79');
INSERT INTO `photos` (`id`, `album_id`, `media_id`) VALUES ('80', '20', '80');
INSERT INTO `photos` (`id`, `album_id`, `media_id`) VALUES ('81', '1', '81');
INSERT INTO `photos` (`id`, `album_id`, `media_id`) VALUES ('82', '2', '82');
INSERT INTO `photos` (`id`, `album_id`, `media_id`) VALUES ('83', '3', '83');
INSERT INTO `photos` (`id`, `album_id`, `media_id`) VALUES ('84', '4', '84');
INSERT INTO `photos` (`id`, `album_id`, `media_id`) VALUES ('85', '5', '85');
INSERT INTO `photos` (`id`, `album_id`, `media_id`) VALUES ('86', '6', '86');
INSERT INTO `photos` (`id`, `album_id`, `media_id`) VALUES ('87', '7', '87');
INSERT INTO `photos` (`id`, `album_id`, `media_id`) VALUES ('88', '8', '88');
INSERT INTO `photos` (`id`, `album_id`, `media_id`) VALUES ('89', '9', '89');
INSERT INTO `photos` (`id`, `album_id`, `media_id`) VALUES ('90', '10', '90');
INSERT INTO `photos` (`id`, `album_id`, `media_id`) VALUES ('91', '11', '91');
INSERT INTO `photos` (`id`, `album_id`, `media_id`) VALUES ('92', '12', '92');
INSERT INTO `photos` (`id`, `album_id`, `media_id`) VALUES ('93', '13', '93');
INSERT INTO `photos` (`id`, `album_id`, `media_id`) VALUES ('94', '14', '94');
INSERT INTO `photos` (`id`, `album_id`, `media_id`) VALUES ('95', '15', '95');
INSERT INTO `photos` (`id`, `album_id`, `media_id`) VALUES ('96', '16', '96');
INSERT INTO `photos` (`id`, `album_id`, `media_id`) VALUES ('97', '17', '97');
INSERT INTO `photos` (`id`, `album_id`, `media_id`) VALUES ('98', '18', '98');
INSERT INTO `photos` (`id`, `album_id`, `media_id`) VALUES ('99', '19', '99');
INSERT INTO `photos` (`id`, `album_id`, `media_id`) VALUES ('100', '20', '100');


#
# TABLE STRUCTURE FOR: profiles
#



INSERT INTO `profiles` (`user_id`, `gender`, `birthday`, `photo_id`, `created_at`, `hometown`) VALUES ('1', 'f', '2014-09-21', '1', '1970-01-12 11:20:16', 'New');
INSERT INTO `profiles` (`user_id`, `gender`, `birthday`, `photo_id`, `created_at`, `hometown`) VALUES ('2', 'k', '1997-03-16', '2', '1996-06-12 12:51:41', 'Port');
INSERT INTO `profiles` (`user_id`, `gender`, `birthday`, `photo_id`, `created_at`, `hometown`) VALUES ('3', 'q', '1979-04-29', '3', '2009-07-16 11:00:09', 'South');
INSERT INTO `profiles` (`user_id`, `gender`, `birthday`, `photo_id`, `created_at`, `hometown`) VALUES ('4', 'm', '2003-07-21', '4', '1999-11-18 12:11:23', 'South');
INSERT INTO `profiles` (`user_id`, `gender`, `birthday`, `photo_id`, `created_at`, `hometown`) VALUES ('5', 'u', '1996-05-17', '5', '2019-01-28 10:33:34', 'West');
INSERT INTO `profiles` (`user_id`, `gender`, `birthday`, `photo_id`, `created_at`, `hometown`) VALUES ('6', 'w', '1988-12-23', '6', '1992-11-01 23:18:42', 'New');
INSERT INTO `profiles` (`user_id`, `gender`, `birthday`, `photo_id`, `created_at`, `hometown`) VALUES ('7', 'n', '1971-10-06', '7', '1998-06-28 12:46:14', 'North');
INSERT INTO `profiles` (`user_id`, `gender`, `birthday`, `photo_id`, `created_at`, `hometown`) VALUES ('8', 'o', '1970-11-06', '8', '1999-03-08 21:50:31', 'South');
INSERT INTO `profiles` (`user_id`, `gender`, `birthday`, `photo_id`, `created_at`, `hometown`) VALUES ('9', 'n', '1994-07-15', '9', '2020-02-14 04:39:55', 'North');
INSERT INTO `profiles` (`user_id`, `gender`, `birthday`, `photo_id`, `created_at`, `hometown`) VALUES ('10', 'x', '1995-07-16', '10', '2007-12-18 14:33:31', 'Port');
INSERT INTO `profiles` (`user_id`, `gender`, `birthday`, `photo_id`, `created_at`, `hometown`) VALUES ('11', 'a', '1974-01-14', '11', '2002-03-17 15:51:47', 'New');
INSERT INTO `profiles` (`user_id`, `gender`, `birthday`, `photo_id`, `created_at`, `hometown`) VALUES ('12', 'o', '2015-12-23', '12', '2005-09-16 04:06:28', 'Lake');
INSERT INTO `profiles` (`user_id`, `gender`, `birthday`, `photo_id`, `created_at`, `hometown`) VALUES ('13', 'e', '2019-01-26', '13', '1984-08-12 10:59:29', 'East');
INSERT INTO `profiles` (`user_id`, `gender`, `birthday`, `photo_id`, `created_at`, `hometown`) VALUES ('14', 'e', '2010-09-25', '14', '1982-09-06 04:26:02', 'East');
INSERT INTO `profiles` (`user_id`, `gender`, `birthday`, `photo_id`, `created_at`, `hometown`) VALUES ('15', 'e', '2021-08-18', '15', '1978-06-22 12:45:50', 'West');
INSERT INTO `profiles` (`user_id`, `gender`, `birthday`, `photo_id`, `created_at`, `hometown`) VALUES ('16', 'q', '1988-12-19', '16', '2003-09-27 16:58:16', 'Lake');
INSERT INTO `profiles` (`user_id`, `gender`, `birthday`, `photo_id`, `created_at`, `hometown`) VALUES ('17', 't', '1991-08-30', '17', '1992-08-29 22:55:19', 'Lake');
INSERT INTO `profiles` (`user_id`, `gender`, `birthday`, `photo_id`, `created_at`, `hometown`) VALUES ('18', 'u', '2003-10-13', '18', '1978-02-02 19:37:03', 'North');
INSERT INTO `profiles` (`user_id`, `gender`, `birthday`, `photo_id`, `created_at`, `hometown`) VALUES ('19', 'o', '2011-07-20', '19', '2010-08-12 11:00:57', 'North');
INSERT INTO `profiles` (`user_id`, `gender`, `birthday`, `photo_id`, `created_at`, `hometown`) VALUES ('20', 'x', '1976-06-10', '20', '1994-07-07 17:28:35', 'South');


#
# TABLE STRUCTURE FOR: reposts
#


#
# TABLE STRUCTURE FOR: users
#


INSERT INTO `users` (`id`, `firstname`, `lastname`, `email`, `password_hash`, `phone`, `is_deleted`) VALUES ('1', 'Bernard', 'Kihn', 'inicolas@example.net', '9f5d10b927b168511df3c80fd218aad185d8782c', '74454698290', 1);
INSERT INTO `users` (`id`, `firstname`, `lastname`, `email`, `password_hash`, `phone`, `is_deleted`) VALUES ('2', 'Dejuan', 'Mueller', 'lynch.jamel@example.org', 'c3daa6b1d47cb09316b6aaf0bd712400b31b16a6', '49311600025', 1);
INSERT INTO `users` (`id`, `firstname`, `lastname`, `email`, `password_hash`, `phone`, `is_deleted`) VALUES ('3', 'Kenna', 'Torp', 'meda.schmeler@example.org', '258a63a3188e637d5c5d5bc22a9d6f8a5cbafa14', '14877733614', 0);
INSERT INTO `users` (`id`, `firstname`, `lastname`, `email`, `password_hash`, `phone`, `is_deleted`) VALUES ('4', 'Antonietta', 'Ratke', 'kozey.amelia@example.com', 'f7a7df496888b38abb4dd02aa3a8c5e986efa24c', '23911357276', 0);
INSERT INTO `users` (`id`, `firstname`, `lastname`, `email`, `password_hash`, `phone`, `is_deleted`) VALUES ('5', 'Susana', 'Dibbert', 'unique.erdman@example.com', '30f4e1a49666afcb474121d863e0847e371aa19f', '93788009335', 0);
INSERT INTO `users` (`id`, `firstname`, `lastname`, `email`, `password_hash`, `phone`, `is_deleted`) VALUES ('6', 'Mose', 'Waelchi', 'lynn.prohaska@example.net', 'be5744ba71a04b47c5420c6692f02daa9151ffdb', '65311932825', 0);
INSERT INTO `users` (`id`, `firstname`, `lastname`, `email`, `password_hash`, `phone`, `is_deleted`) VALUES ('7', 'Bud', 'Lindgren', 'deonte.o\'kon@example.net', '624695e0b95425855bd985b2d3a2d57e45d45ff3', '69570241753', 1);
INSERT INTO `users` (`id`, `firstname`, `lastname`, `email`, `password_hash`, `phone`, `is_deleted`) VALUES ('8', 'Aubrey', 'Wintheiser', 'dan.cormier@example.org', 'b6c0f5d7caa8b0d760e1e49e98fd367cad712f0d', '82429113634', 0);
INSERT INTO `users` (`id`, `firstname`, `lastname`, `email`, `password_hash`, `phone`, `is_deleted`) VALUES ('9', 'Duncan', 'Dooley', 'pbogisich@example.net', 'd0e3c8644c2bca53d20008f0799cbca37c0a7152', '56178374681', 0);
INSERT INTO `users` (`id`, `firstname`, `lastname`, `email`, `password_hash`, `phone`, `is_deleted`) VALUES ('10', 'Eulalia', 'Gerhold', 'ybatz@example.org', '3743c0a90ca000b8c53a4b844092573105386b38', '97209243589', 1);
INSERT INTO `users` (`id`, `firstname`, `lastname`, `email`, `password_hash`, `phone`, `is_deleted`) VALUES ('11', 'Patsy', 'Reichel', 'maddison.cormier@example.org', 'ceab7dbcbe4d203f74ca98373366f3ee4a3b93df', '33637760294', 1);
INSERT INTO `users` (`id`, `firstname`, `lastname`, `email`, `password_hash`, `phone`, `is_deleted`) VALUES ('12', 'Adonis', 'Cronin', 'wrau@example.net', '1529f4fd0cb255dd4030412a51c7df8eebba9cd6', '46526814913', 0);
INSERT INTO `users` (`id`, `firstname`, `lastname`, `email`, `password_hash`, `phone`, `is_deleted`) VALUES ('13', 'Sadie', 'Reichert', 'alize37@example.net', '7ac159da9f6637cfdc1f8eeee1002d384c914c42', '38912894947', 1);
INSERT INTO `users` (`id`, `firstname`, `lastname`, `email`, `password_hash`, `phone`, `is_deleted`) VALUES ('14', 'Fanny', 'Wisozk', 'langosh.immanuel@example.net', '8a5ebf0a5aadac441e6a63de3ab65fece8096b6c', '36366236762', 0);
INSERT INTO `users` (`id`, `firstname`, `lastname`, `email`, `password_hash`, `phone`, `is_deleted`) VALUES ('15', 'Orville', 'O\'Kon', 'major.flatley@example.org', 'c326f73a2c60f2df23944be228dfe244bb6c762c', '59258318750', 0);
INSERT INTO `users` (`id`, `firstname`, `lastname`, `email`, `password_hash`, `phone`, `is_deleted`) VALUES ('16', 'Noemy', 'Sawayn', 'uwehner@example.org', '0bd5534a22fc9edd82cdc2a11585545b3ec65501', '52056317711', 0);
INSERT INTO `users` (`id`, `firstname`, `lastname`, `email`, `password_hash`, `phone`, `is_deleted`) VALUES ('17', 'Alexandro', 'Schuster', 'zrogahn@example.net', '0b1d8faa02cc9a7386aa5a3e921bc9c680c9b446', '94143034798', 1);
INSERT INTO `users` (`id`, `firstname`, `lastname`, `email`, `password_hash`, `phone`, `is_deleted`) VALUES ('18', 'Luciano', 'Walsh', 'gleuschke@example.net', '0a7d79da85ccd1ed7e5e4d9d7b146791730fa2d2', '61749523549', 1);
INSERT INTO `users` (`id`, `firstname`, `lastname`, `email`, `password_hash`, `phone`, `is_deleted`) VALUES ('19', 'Roderick', 'Graham', 'feil.kyleigh@example.net', '7fce8c833e299368c1d355d9b087a99eb79f53ac', '47060182962', 1);
INSERT INTO `users` (`id`, `firstname`, `lastname`, `email`, `password_hash`, `phone`, `is_deleted`) VALUES ('20', 'Burdette', 'Mosciski', 'rbashirian@example.org', 'c3ac5b492266ef9925471548827138a2984fe0f7', '99745974457', 1);


#
# TABLE STRUCTURE FOR: users_communities
#



INSERT INTO `users_communities` (`user_id`, `community_id`) VALUES ('1', '2');
INSERT INTO `users_communities` (`user_id`, `community_id`) VALUES ('1', '4');
INSERT INTO `users_communities` (`user_id`, `community_id`) VALUES ('2', '1');
INSERT INTO `users_communities` (`user_id`, `community_id`) VALUES ('2', '3');
INSERT INTO `users_communities` (`user_id`, `community_id`) VALUES ('3', '1');
INSERT INTO `users_communities` (`user_id`, `community_id`) VALUES ('3', '2');
INSERT INTO `users_communities` (`user_id`, `community_id`) VALUES ('3', '4');
INSERT INTO `users_communities` (`user_id`, `community_id`) VALUES ('4', '4');
INSERT INTO `users_communities` (`user_id`, `community_id`) VALUES ('6', '1');
INSERT INTO `users_communities` (`user_id`, `community_id`) VALUES ('6', '2');
INSERT INTO `users_communities` (`user_id`, `community_id`) VALUES ('6', '3');
INSERT INTO `users_communities` (`user_id`, `community_id`) VALUES ('7', '3');
INSERT INTO `users_communities` (`user_id`, `community_id`) VALUES ('7', '4');
INSERT INTO `users_communities` (`user_id`, `community_id`) VALUES ('7', '5');
INSERT INTO `users_communities` (`user_id`, `community_id`) VALUES ('8', '2');
INSERT INTO `users_communities` (`user_id`, `community_id`) VALUES ('9', '5');
INSERT INTO `users_communities` (`user_id`, `community_id`) VALUES ('10', '3');
INSERT INTO `users_communities` (`user_id`, `community_id`) VALUES ('11', '4');
INSERT INTO `users_communities` (`user_id`, `community_id`) VALUES ('12', '2');
INSERT INTO `users_communities` (`user_id`, `community_id`) VALUES ('12', '3');
INSERT INTO `users_communities` (`user_id`, `community_id`) VALUES ('13', '2');
INSERT INTO `users_communities` (`user_id`, `community_id`) VALUES ('13', '3');
INSERT INTO `users_communities` (`user_id`, `community_id`) VALUES ('14', '3');
INSERT INTO `users_communities` (`user_id`, `community_id`) VALUES ('14', '5');
INSERT INTO `users_communities` (`user_id`, `community_id`) VALUES ('15', '3');
INSERT INTO `users_communities` (`user_id`, `community_id`) VALUES ('16', '1');
INSERT INTO `users_communities` (`user_id`, `community_id`) VALUES ('16', '4');
INSERT INTO `users_communities` (`user_id`, `community_id`) VALUES ('17', '2');
INSERT INTO `users_communities` (`user_id`, `community_id`) VALUES ('18', '1');
INSERT INTO `users_communities` (`user_id`, `community_id`) VALUES ('18', '4');
INSERT INTO `users_communities` (`user_id`, `community_id`) VALUES ('19', '1');
INSERT INTO `users_communities` (`user_id`, `community_id`) VALUES ('19', '4');
INSERT INTO `users_communities` (`user_id`, `community_id`) VALUES ('20', '1');
INSERT INTO `users_communities` (`user_id`, `community_id`) VALUES ('20', '2');


#
# TABLE STRUCTURE FOR: users_friendlist
#


